{"type":"FeatureCollection","terralens":{"schema":"terralens-evidence/1.0","software":"TerraLens 1.0.0","exportedAt":"2026-09-10T07:16:32.984Z","retrievedAt":"2026-09-10T07:09:09.744Z","source":"snapshot","catalog":"https://earth-search.aws.element84.com/v1","before":{"type":"Feature","stac_version":"1.0.0","id":"S2B_10TFK_20181106_0_L2A","properties":{"created":"2022-11-08T07:08:57.542Z","platform":"sentinel-2b","constellation":"sentinel-2","instruments":["msi"],"eo:cloud_cover":0.08528,"proj:epsg":32610,"mgrs:utm_zone":10,"mgrs:latitude_band":"T","mgrs:grid_square":"FK","grid:code":"MGRS-10TFK","view:sun_azimuth":167.121096136848,"view:sun_elevation":32.7573277248504,"s2:degraded_msi_data_percentage":0,"s2:nodata_pixel_percentage":0.002249,"s2:saturated_defective_pixel_percentage":0,"s2:dark_features_percentage":3.87606,"s2:cloud_shadow_percentage":0.151403,"s2:vegetation_percentage":75.315571,"s2:not_vegetated_percentage":16.677845,"s2:water_percentage":1.605084,"s2:unclassified_percentage":2.277572,"s2:medium_proba_clouds_percentage":0.069328,"s2:high_proba_clouds_percentage":0.012316,"s2:thin_cirrus_percentage":0.003636,"s2:snow_ice_percentage":0.011185,"s2:product_type":"S2MSI2A","s2:processing_baseline":"00.01","s2:product_uri":"S2B_MSIL2A_20181106T185559_N0001_R113_T10TFK_20200916T142917.SAFE","s2:generation_time":"2020-09-16T14:29:17.896Z","s2:datatake_id":"GS2B_20181106T185559_008719_N00.01","s2:datatake_type":"INS-NOBS","s2:datastrip_id":"S2B_OPER_MSI_L2A_DS_SHIT_20200916T142918_S20181106T190027_N00.01","s2:granule_id":"S2B_OPER_MSI_L2A_TL_SHIT_20200916T142918_A008719_T10TFK_N00.01","s2:reflectance_conversion_factor":1.01661983087402,"datetime":"2018-11-06T19:03:20.240000Z","s2:sequence":"0","earthsearch:s3_path":"s3://sentinel-cogs/sentinel-s2-l2a-cogs/10/T/FK/2018/11/S2B_10TFK_20181106_0_L2A","earthsearch:payload_id":"roda-sentinel2/workflow-sentinel2-to-stac/aab025d6bc9bd584bc12511b1a111a10","earthsearch:boa_offset_applied":false,"processing:software":{"sentinel2-to-stac":"0.1.0"},"updated":"2022-11-08T07:08:57.542Z"},"geometry":{"type":"Polygon","coordinates":[[[-121.81728871175561,40.64479052153661],[-120.51956282559038,40.624201162169484],[-120.55525350359474,39.635880717283825],[-121.8343226741975,39.6557661437544],[-121.81728871175561,40.64479052153661]]]},"links":[{"rel":"self","type":"application/geo+json","href":"https://earth-search.aws.element84.com/v1/collections/sentinel-2-l2a/items/S2B_10TFK_20181106_0_L2A"},{"rel":"canonical","href":"s3://sentinel-cogs/sentinel-s2-l2a-cogs/10/T/FK/2018/11/S2B_10TFK_20181106_0_L2A/S2B_10TFK_20181106_0_L2A.json","type":"application/json"},{"rel":"license","href":"https://sentinel.esa.int/documents/247904/690755/Sentinel_Data_Legal_Notice"},{"rel":"derived_from","href":"https://earth-search.aws.element84.com/v1/collections/sentinel-2-l1c/items/S2B_10TFK_20181106_0_L1C","type":"application/geo+json"},{"rel":"parent","type":"application/json","href":"https://earth-search.aws.element84.com/v1/collections/sentinel-2-l2a"},{"rel":"collection","type":"application/json","href":"https://earth-search.aws.element84.com/v1/collections/sentinel-2-l2a"},{"rel":"root","type":"application/json","href":"https://earth-search.aws.element84.com/v1"},{"rel":"thumbnail","href":"https://earth-search.aws.element84.com/v1/collections/sentinel-2-l2a/items/S2B_10TFK_20181106_0_L2A/thumbnail"}],"assets":{"aot":{"href":"https://sentinel-cogs.s3.us-west-2.amazonaws.com/sentinel-s2-l2a-cogs/10/T/FK/2018/11/S2B_10TFK_20181106_0_L2A/AOT.tif","type":"image/tiff; application=geotiff; profile=cloud-optimized","title":"Aerosol optical thickness (AOT)","proj:shape":[5490,5490],"proj:transform":[20,0,600000,0,-20,4500000],"raster:bands":[{"nodata":0,"data_type":"uint16","bits_per_sample":15,"spatial_resolution":20,"scale":0.001,"offset":0}],"roles":["data","reflectance"]},"blue":{"href":"https://sentinel-cogs.s3.us-west-2.amazonaws.com/sentinel-s2-l2a-cogs/10/T/FK/2018/11/S2B_10TFK_20181106_0_L2A/B02.tif","type":"image/tiff; application=geotiff; profile=cloud-optimized","title":"Blue (band 2) - 10m","eo:bands":[{"name":"blue","common_name":"blue","description":"Blue (band 2)","center_wavelength":0.49,"full_width_half_max":0.098}],"gsd":10,"proj:shape":[10980,10980],"proj:transform":[10,0,600000,0,-10,4500000],"raster:bands":[{"nodata":0,"data_type":"uint16","bits_per_sample":15,"spatial_resolution":10,"scale":0.0001,"offset":0}],"roles":["data","reflectance"]},"coastal":{"href":"https://sentinel-cogs.s3.us-west-2.amazonaws.com/sentinel-s2-l2a-cogs/10/T/FK/2018/11/S2B_10TFK_20181106_0_L2A/B01.tif","type":"image/tiff; application=geotiff; profile=cloud-optimized","title":"Coastal aerosol (band 1) - 60m","eo:bands":[{"name":"coastal","common_name":"coastal","description":"Coastal aerosol (band 1)","center_wavelength":0.443,"full_width_half_max":0.027}],"gsd":60,"proj:shape":[1830,1830],"proj:transform":[60,0,600000,0,-60,4500000],"raster:bands":[{"nodata":0,"data_type":"uint16","bits_per_sample":15,"spatial_resolution":60,"scale":0.0001,"offset":0}],"roles":["data","reflectance"]},"granule_metadata":{"href":"https://sentinel-cogs.s3.us-west-2.amazonaws.com/sentinel-s2-l2a-cogs/10/T/FK/2018/11/S2B_10TFK_20181106_0_L2A/granule_metadata.xml","type":"application/xml","roles":["metadata"]},"green":{"href":"https://sentinel-cogs.s3.us-west-2.amazonaws.com/sentinel-s2-l2a-cogs/10/T/FK/2018/11/S2B_10TFK_20181106_0_L2A/B03.tif","type":"image/tiff; application=geotiff; profile=cloud-optimized","title":"Green (band 3) - 10m","eo:bands":[{"name":"green","common_name":"green","description":"Green (band 3)","center_wavelength":0.56,"full_width_half_max":0.045}],"gsd":10,"proj:shape":[10980,10980],"proj:transform":[10,0,600000,0,-10,4500000],"raster:bands":[{"nodata":0,"data_type":"uint16","bits_per_sample":15,"spatial_resolution":10,"scale":0.0001,"offset":0}],"roles":["data","reflectance"]},"nir":{"href":"https://sentinel-cogs.s3.us-west-2.amazonaws.com/sentinel-s2-l2a-cogs/10/T/FK/2018/11/S2B_10TFK_20181106_0_L2A/B08.tif","type":"image/tiff; application=geotiff; profile=cloud-optimized","title":"NIR 1 (band 8) - 10m","eo:bands":[{"name":"nir","common_name":"nir","description":"NIR 1 (band 8)","center_wavelength":0.842,"full_width_half_max":0.145}],"gsd":10,"proj:shape":[10980,10980],"proj:transform":[10,0,600000,0,-10,4500000],"raster:bands":[{"nodata":0,"data_type":"uint16","bits_per_sample":15,"spatial_resolution":10,"scale":0.0001,"offset":0}],"roles":["data","reflectance"]},"nir08":{"href":"https://sentinel-cogs.s3.us-west-2.amazonaws.com/sentinel-s2-l2a-cogs/10/T/FK/2018/11/S2B_10TFK_20181106_0_L2A/B8A.tif","type":"image/tiff; application=geotiff; profile=cloud-optimized","title":"NIR 2 (band 8A) - 20m","eo:bands":[{"name":"nir08","common_name":"nir08","description":"NIR 2 (band 8A)","center_wavelength":0.865,"full_width_half_max":0.033}],"gsd":20,"proj:shape":[5490,5490],"proj:transform":[20,0,600000,0,-20,4500000],"raster:bands":[{"nodata":0,"data_type":"uint16","bits_per_sample":15,"spatial_resolution":20,"scale":0.0001,"offset":0}],"roles":["data","reflectance"]},"nir09":{"href":"https://sentinel-cogs.s3.us-west-2.amazonaws.com/sentinel-s2-l2a-cogs/10/T/FK/2018/11/S2B_10TFK_20181106_0_L2A/B09.tif","type":"image/tiff; application=geotiff; profile=cloud-optimized","title":"NIR 3 (band 9) - 60m","eo:bands":[{"name":"nir09","common_name":"nir09","description":"NIR 3 (band 9)","center_wavelength":0.945,"full_width_half_max":0.026}],"gsd":60,"proj:shape":[1830,1830],"proj:transform":[60,0,600000,0,-60,4500000],"raster:bands":[{"nodata":0,"data_type":"uint16","bits_per_sample":15,"spatial_resolution":60,"scale":0.0001,"offset":0}],"roles":["data","reflectance"]},"red":{"href":"https://sentinel-cogs.s3.us-west-2.amazonaws.com/sentinel-s2-l2a-cogs/10/T/FK/2018/11/S2B_10TFK_20181106_0_L2A/B04.tif","type":"image/tiff; application=geotiff; profile=cloud-optimized","title":"Red (band 4) - 10m","eo:bands":[{"name":"red","common_name":"red","description":"Red (band 4)","center_wavelength":0.665,"full_width_half_max":0.038}],"gsd":10,"proj:shape":[10980,10980],"proj:transform":[10,0,600000,0,-10,4500000],"raster:bands":[{"nodata":0,"data_type":"uint16","bits_per_sample":15,"spatial_resolution":10,"scale":0.0001,"offset":0}],"roles":["data","reflectance"]},"rededge1":{"href":"https://sentinel-cogs.s3.us-west-2.amazonaws.com/sentinel-s2-l2a-cogs/10/T/FK/2018/11/S2B_10TFK_20181106_0_L2A/B05.tif","type":"image/tiff; application=geotiff; profile=cloud-optimized","title":"Red edge 1 (band 5) - 20m","eo:bands":[{"name":"rededge1","common_name":"rededge","description":"Red edge 1 (band 5)","center_wavelength":0.704,"full_width_half_max":0.019}],"gsd":20,"proj:shape":[5490,5490],"proj:transform":[20,0,600000,0,-20,4500000],"raster:bands":[{"nodata":0,"data_type":"uint16","bits_per_sample":15,"spatial_resolution":20,"scale":0.0001,"offset":0}],"roles":["data","reflectance"]},"rededge2":{"href":"https://sentinel-cogs.s3.us-west-2.amazonaws.com/sentinel-s2-l2a-cogs/10/T/FK/2018/11/S2B_10TFK_20181106_0_L2A/B06.tif","type":"image/tiff; application=geotiff; profile=cloud-optimized","title":"Red edge 2 (band 6) - 20m","eo:bands":[{"name":"rededge2","common_name":"rededge","description":"Red edge 2 (band 6)","center_wavelength":0.74,"full_width_half_max":0.018}],"gsd":20,"proj:shape":[5490,5490],"proj:transform":[20,0,600000,0,-20,4500000],"raster:bands":[{"nodata":0,"data_type":"uint16","bits_per_sample":15,"spatial_resolution":20,"scale":0.0001,"offset":0}],"roles":["data","reflectance"]},"rededge3":{"href":"https://sentinel-cogs.s3.us-west-2.amazonaws.com/sentinel-s2-l2a-cogs/10/T/FK/2018/11/S2B_10TFK_20181106_0_L2A/B07.tif","type":"image/tiff; application=geotiff; profile=cloud-optimized","title":"Red edge 3 (band 7) - 20m","eo:bands":[{"name":"rededge3","common_name":"rededge","description":"Red edge 3 (band 7)","center_wavelength":0.783,"full_width_half_max":0.028}],"gsd":20,"proj:shape":[5490,5490],"proj:transform":[20,0,600000,0,-20,4500000],"raster:bands":[{"nodata":0,"data_type":"uint16","bits_per_sample":15,"spatial_resolution":20,"scale":0.0001,"offset":0}],"roles":["data","reflectance"]},"scl":{"href":"https://sentinel-cogs.s3.us-west-2.amazonaws.com/sentinel-s2-l2a-cogs/10/T/FK/2018/11/S2B_10TFK_20181106_0_L2A/SCL.tif","type":"image/tiff; application=geotiff; profile=cloud-optimized","title":"Scene classification map (SCL)","proj:shape":[5490,5490],"proj:transform":[20,0,600000,0,-20,4500000],"raster:bands":[{"nodata":0,"data_type":"uint8","spatial_resolution":20}],"roles":["data","reflectance"]},"swir16":{"href":"https://sentinel-cogs.s3.us-west-2.amazonaws.com/sentinel-s2-l2a-cogs/10/T/FK/2018/11/S2B_10TFK_20181106_0_L2A/B11.tif","type":"image/tiff; application=geotiff; profile=cloud-optimized","title":"SWIR 1 (band 11) - 20m","eo:bands":[{"name":"swir16","common_name":"swir16","description":"SWIR 1 (band 11)","center_wavelength":1.61,"full_width_half_max":0.143}],"gsd":20,"proj:shape":[5490,5490],"proj:transform":[20,0,600000,0,-20,4500000],"raster:bands":[{"nodata":0,"data_type":"uint16","bits_per_sample":15,"spatial_resolution":20,"scale":0.0001,"offset":0}],"roles":["data","reflectance"]},"swir22":{"href":"https://sentinel-cogs.s3.us-west-2.amazonaws.com/sentinel-s2-l2a-cogs/10/T/FK/2018/11/S2B_10TFK_20181106_0_L2A/B12.tif","type":"image/tiff; application=geotiff; profile=cloud-optimized","title":"SWIR 2 (band 12) - 20m","eo:bands":[{"name":"swir22","common_name":"swir22","description":"SWIR 2 (band 12)","center_wavelength":2.19,"full_width_half_max":0.242}],"gsd":20,"proj:shape":[5490,5490],"proj:transform":[20,0,600000,0,-20,4500000],"raster:bands":[{"nodata":0,"data_type":"uint16","bits_per_sample":15,"spatial_resolution":20,"scale":0.0001,"offset":0}],"roles":["data","reflectance"]},"thumbnail":{"href":"https://sentinel-cogs.s3.us-west-2.amazonaws.com/sentinel-s2-l2a-cogs/10/T/FK/2018/11/S2B_10TFK_20181106_0_L2A/thumbnail.jpg","type":"image/jpeg","title":"Thumbnail image","roles":["thumbnail"]},"tileinfo_metadata":{"href":"https://sentinel-cogs.s3.us-west-2.amazonaws.com/sentinel-s2-l2a-cogs/10/T/FK/2018/11/S2B_10TFK_20181106_0_L2A/tileinfo_metadata.json","type":"application/json","roles":["metadata"]},"visual":{"href":"https://sentinel-cogs.s3.us-west-2.amazonaws.com/sentinel-s2-l2a-cogs/10/T/FK/2018/11/S2B_10TFK_20181106_0_L2A/TCI.tif","type":"image/tiff; application=geotiff; profile=cloud-optimized","title":"True color image","eo:bands":[{"name":"red","common_name":"red","description":"Red (band 4)","center_wavelength":0.665,"full_width_half_max":0.038},{"name":"green","common_name":"green","description":"Green (band 3)","center_wavelength":0.56,"full_width_half_max":0.045},{"name":"blue","common_name":"blue","description":"Blue (band 2)","center_wavelength":0.49,"full_width_half_max":0.098}],"proj:shape":[10980,10980],"proj:transform":[10,0,600000,0,-10,4500000],"roles":["visual"]},"wvp":{"href":"https://sentinel-cogs.s3.us-west-2.amazonaws.com/sentinel-s2-l2a-cogs/10/T/FK/2018/11/S2B_10TFK_20181106_0_L2A/WVP.tif","type":"image/tiff; application=geotiff; profile=cloud-optimized","title":"Water vapour (WVP)","proj:shape":[5490,5490],"proj:transform":[20,0,600000,0,-20,4500000],"raster:bands":[{"nodata":0,"data_type":"uint16","bits_per_sample":15,"spatial_resolution":20,"unit":"cm","scale":0.001,"offset":0}],"roles":["data","reflectance"]},"aot-jp2":{"href":"s3://sentinel-s2-l2a/tiles/10/T/FK/2018/11/6/0/AOT.jp2","type":"image/jp2","title":"Aerosol optical thickness (AOT)","proj:shape":[5490,5490],"proj:transform":[20,0,600000,0,-20,4500000],"raster:bands":[{"nodata":0,"data_type":"uint16","bits_per_sample":15,"spatial_resolution":20,"scale":0.001,"offset":0}],"roles":["data","reflectance"]},"blue-jp2":{"href":"s3://sentinel-s2-l2a/tiles/10/T/FK/2018/11/6/0/B02.jp2","type":"image/jp2","title":"Blue (band 2) - 10m","eo:bands":[{"name":"blue","common_name":"blue","description":"Blue (band 2)","center_wavelength":0.49,"full_width_half_max":0.098}],"gsd":10,"proj:shape":[10980,10980],"proj:transform":[10,0,600000,0,-10,4500000],"raster:bands":[{"nodata":0,"data_type":"uint16","bits_per_sample":15,"spatial_resolution":10,"scale":0.0001,"offset":0}],"roles":["data","reflectance"]},"coastal-jp2":{"href":"s3://sentinel-s2-l2a/tiles/10/T/FK/2018/11/6/0/B01.jp2","type":"image/jp2","title":"Coastal aerosol (band 1) - 60m","eo:bands":[{"name":"coastal","common_name":"coastal","description":"Coastal aerosol (band 1)","center_wavelength":0.443,"full_width_half_max":0.027}],"gsd":60,"proj:shape":[1830,1830],"proj:transform":[60,0,600000,0,-60,4500000],"raster:bands":[{"nodata":0,"data_type":"uint16","bits_per_sample":15,"spatial_resolution":60,"scale":0.0001,"offset":0}],"roles":["data","reflectance"]},"green-jp2":{"href":"s3://sentinel-s2-l2a/tiles/10/T/FK/2018/11/6/0/B03.jp2","type":"image/jp2","title":"Green (band 3) - 10m","eo:bands":[{"name":"green","common_name":"green","description":"Green (band 3)","center_wavelength":0.56,"full_width_half_max":0.045}],"gsd":10,"proj:shape":[10980,10980],"proj:transform":[10,0,600000,0,-10,4500000],"raster:bands":[{"nodata":0,"data_type":"uint16","bits_per_sample":15,"spatial_resolution":10,"scale":0.0001,"offset":0}],"roles":["data","reflectance"]},"nir-jp2":{"href":"s3://sentinel-s2-l2a/tiles/10/T/FK/2018/11/6/0/B08.jp2","type":"image/jp2","title":"NIR 1 (band 8) - 10m","eo:bands":[{"name":"nir","common_name":"nir","description":"NIR 1 (band 8)","center_wavelength":0.842,"full_width_half_max":0.145}],"gsd":10,"proj:shape":[10980,10980],"proj:transform":[10,0,600000,0,-10,4500000],"raster:bands":[{"nodata":0,"data_type":"uint16","bits_per_sample":15,"spatial_resolution":10,"scale":0.0001,"offset":0}],"roles":["data","reflectance"]},"nir08-jp2":{"href":"s3://sentinel-s2-l2a/tiles/10/T/FK/2018/11/6/0/B8A.jp2","type":"image/jp2","title":"NIR 2 (band 8A) - 20m","eo:bands":[{"name":"nir08","common_name":"nir08","description":"NIR 2 (band 8A)","center_wavelength":0.865,"full_width_half_max":0.033}],"gsd":20,"proj:shape":[5490,5490],"proj:transform":[20,0,600000,0,-20,4500000],"raster:bands":[{"nodata":0,"data_type":"uint16","bits_per_sample":15,"spatial_resolution":20,"scale":0.0001,"offset":0}],"roles":["data","reflectance"]},"nir09-jp2":{"href":"s3://sentinel-s2-l2a/tiles/10/T/FK/2018/11/6/0/B09.jp2","type":"image/jp2","title":"NIR 3 (band 9) - 60m","eo:bands":[{"name":"nir09","common_name":"nir09","description":"NIR 3 (band 9)","center_wavelength":0.945,"full_width_half_max":0.026}],"gsd":60,"proj:shape":[1830,1830],"proj:transform":[60,0,600000,0,-60,4500000],"raster:bands":[{"nodata":0,"data_type":"uint16","bits_per_sample":15,"spatial_resolution":60,"scale":0.0001,"offset":0}],"roles":["data","reflectance"]},"red-jp2":{"href":"s3://sentinel-s2-l2a/tiles/10/T/FK/2018/11/6/0/B04.jp2","type":"image/jp2","title":"Red (band 4) - 10m","eo:bands":[{"name":"red","common_name":"red","description":"Red (band 4)","center_wavelength":0.665,"full_width_half_max":0.038}],"gsd":10,"proj:shape":[10980,10980],"proj:transform":[10,0,600000,0,-10,4500000],"raster:bands":[{"nodata":0,"data_type":"uint16","bits_per_sample":15,"spatial_resolution":10,"scale":0.0001,"offset":0}],"roles":["data","reflectance"]},"rededge1-jp2":{"href":"s3://sentinel-s2-l2a/tiles/10/T/FK/2018/11/6/0/B05.jp2","type":"image/jp2","title":"Red edge 1 (band 5) - 20m","eo:bands":[{"name":"rededge1","common_name":"rededge","description":"Red edge 1 (band 5)","center_wavelength":0.704,"full_width_half_max":0.019}],"gsd":20,"proj:shape":[5490,5490],"proj:transform":[20,0,600000,0,-20,4500000],"raster:bands":[{"nodata":0,"data_type":"uint16","bits_per_sample":15,"spatial_resolution":20,"scale":0.0001,"offset":0}],"roles":["data","reflectance"]},"rededge2-jp2":{"href":"s3://sentinel-s2-l2a/tiles/10/T/FK/2018/11/6/0/B06.jp2","type":"image/jp2","title":"Red edge 2 (band 6) - 20m","eo:bands":[{"name":"rededge2","common_name":"rededge","description":"Red edge 2 (band 6)","center_wavelength":0.74,"full_width_half_max":0.018}],"gsd":20,"proj:shape":[5490,5490],"proj:transform":[20,0,600000,0,-20,4500000],"raster:bands":[{"nodata":0,"data_type":"uint16","bits_per_sample":15,"spatial_resolution":20,"scale":0.0001,"offset":0}],"roles":["data","reflectance"]},"rededge3-jp2":{"href":"s3://sentinel-s2-l2a/tiles/10/T/FK/2018/11/6/0/B07.jp2","type":"image/jp2","title":"Red edge 3 (band 7) - 20m","eo:bands":[{"name":"rededge3","common_name":"rededge","description":"Red edge 3 (band 7)","center_wavelength":0.783,"full_width_half_max":0.028}],"gsd":20,"proj:shape":[5490,5490],"proj:transform":[20,0,600000,0,-20,4500000],"raster:bands":[{"nodata":0,"data_type":"uint16","bits_per_sample":15,"spatial_resolution":20,"scale":0.0001,"offset":0}],"roles":["data","reflectance"]},"scl-jp2":{"href":"s3://sentinel-s2-l2a/tiles/10/T/FK/2018/11/6/0/SCL.jp2","type":"image/jp2","title":"Scene classification map (SCL)","proj:shape":[5490,5490],"proj:transform":[20,0,600000,0,-20,4500000],"raster:bands":[{"nodata":0,"data_type":"uint8","spatial_resolution":20}],"roles":["data","reflectance"]},"swir16-jp2":{"href":"s3://sentinel-s2-l2a/tiles/10/T/FK/2018/11/6/0/B11.jp2","type":"image/jp2","title":"SWIR 1 (band 11) - 20m","eo:bands":[{"name":"swir16","common_name":"swir16","description":"SWIR 1 (band 11)","center_wavelength":1.61,"full_width_half_max":0.143}],"gsd":20,"proj:shape":[5490,5490],"proj:transform":[20,0,600000,0,-20,4500000],"raster:bands":[{"nodata":0,"data_type":"uint16","bits_per_sample":15,"spatial_resolution":20,"scale":0.0001,"offset":0}],"roles":["data","reflectance"]},"swir22-jp2":{"href":"s3://sentinel-s2-l2a/tiles/10/T/FK/2018/11/6/0/B12.jp2","type":"image/jp2","title":"SWIR 2 (band 12) - 20m","eo:bands":[{"name":"swir22","common_name":"swir22","description":"SWIR 2 (band 12)","center_wavelength":2.19,"full_width_half_max":0.242}],"gsd":20,"proj:shape":[5490,5490],"proj:transform":[20,0,600000,0,-20,4500000],"raster:bands":[{"nodata":0,"data_type":"uint16","bits_per_sample":15,"spatial_resolution":20,"scale":0.0001,"offset":0}],"roles":["data","reflectance"]},"visual-jp2":{"href":"s3://sentinel-s2-l2a/tiles/10/T/FK/2018/11/6/0/TCI.jp2","type":"image/jp2","title":"True color image","eo:bands":[{"name":"red","common_name":"red","description":"Red (band 4)","center_wavelength":0.665,"full_width_half_max":0.038},{"name":"green","common_name":"green","description":"Green (band 3)","center_wavelength":0.56,"full_width_half_max":0.045},{"name":"blue","common_name":"blue","description":"Blue (band 2)","center_wavelength":0.49,"full_width_half_max":0.098}],"proj:shape":[10980,10980],"proj:transform":[10,0,600000,0,-10,4500000],"roles":["visual"]},"wvp-jp2":{"href":"s3://sentinel-s2-l2a/tiles/10/T/FK/2018/11/6/0/WVP.jp2","type":"image/jp2","title":"Water vapour (WVP)","proj:shape":[5490,5490],"proj:transform":[20,0,600000,0,-20,4500000],"raster:bands":[{"nodata":0,"data_type":"uint16","bits_per_sample":15,"spatial_resolution":20,"unit":"cm","scale":0.001,"offset":0}],"roles":["data","reflectance"]}},"bbox":[-121.8343226741975,39.635880717283825,-120.51956282559038,40.64479052153661],"stac_extensions":["https://stac-extensions.github.io/grid/v1.0.0/schema.json","https://stac-extensions.github.io/view/v1.0.0/schema.json","https://stac-extensions.github.io/processing/v1.1.0/schema.json","https://stac-extensions.github.io/mgrs/v1.0.0/schema.json","https://stac-extensions.github.io/projection/v1.0.0/schema.json","https://stac-extensions.github.io/raster/v1.1.0/schema.json","https://stac-extensions.github.io/eo/v1.0.0/schema.json"],"collection":"sentinel-2-l2a"},"after":{"type":"Feature","stac_version":"1.0.0","id":"S2A_10TFK_20181211_0_L2A","properties":{"created":"2022-11-08T07:04:40.464Z","platform":"sentinel-2a","constellation":"sentinel-2","instruments":["msi"],"eo:cloud_cover":13.103123,"proj:epsg":32610,"mgrs:utm_zone":10,"mgrs:latitude_band":"T","mgrs:grid_square":"FK","grid:code":"MGRS-10TFK","view:sun_azimuth":166.01241667166,"view:sun_elevation":25.541840110052604,"s2:degraded_msi_data_percentage":0,"s2:nodata_pixel_percentage":0.000236,"s2:saturated_defective_pixel_percentage":0,"s2:dark_features_percentage":9.3646,"s2:cloud_shadow_percentage":1.170357,"s2:vegetation_percentage":39.361155,"s2:not_vegetated_percentage":5.805698,"s2:water_percentage":1.682885,"s2:unclassified_percentage":14.03877,"s2:medium_proba_clouds_percentage":2.602028,"s2:high_proba_clouds_percentage":9.11249,"s2:thin_cirrus_percentage":1.388605,"s2:snow_ice_percentage":15.473416,"s2:product_type":"S2MSI2A","s2:processing_baseline":"00.01","s2:product_uri":"S2A_MSIL2A_20181211T185751_N0001_R113_T10TFK_20201016T004906.SAFE","s2:generation_time":"2020-10-16T00:49:06.567Z","s2:datatake_id":"GS2A_20181211T185751_018128_N00.01","s2:datatake_type":"INS-NOBS","s2:datastrip_id":"S2A_OPER_MSI_L2A_DS_SHIT_20201016T004907_S20181211T190035_N00.01","s2:granule_id":"S2A_OPER_MSI_L2A_TL_SHIT_20201016T004907_A018128_T10TFK_N00.01","s2:reflectance_conversion_factor":1.03073183376911,"datetime":"2018-12-11T19:03:14.210000Z","s2:sequence":"0","earthsearch:s3_path":"s3://sentinel-cogs/sentinel-s2-l2a-cogs/10/T/FK/2018/12/S2A_10TFK_20181211_0_L2A","earthsearch:payload_id":"roda-sentinel2/workflow-sentinel2-to-stac/61a38db483c6e54e4a24667a04d11c74","earthsearch:boa_offset_applied":false,"processing:software":{"sentinel2-to-stac":"0.1.0"},"updated":"2022-11-08T07:04:40.464Z"},"geometry":{"type":"Polygon","coordinates":[[[-121.81728871175561,40.64479052153661],[-120.51956282559038,40.624201162169484],[-120.55525350359474,39.635880717283825],[-121.8343226741975,39.6557661437544],[-121.81728871175561,40.64479052153661]]]},"links":[{"rel":"self","type":"application/geo+json","href":"https://earth-search.aws.element84.com/v1/collections/sentinel-2-l2a/items/S2A_10TFK_20181211_0_L2A"},{"rel":"canonical","href":"s3://sentinel-cogs/sentinel-s2-l2a-cogs/10/T/FK/2018/12/S2A_10TFK_20181211_0_L2A/S2A_10TFK_20181211_0_L2A.json","type":"application/json"},{"rel":"license","href":"https://sentinel.esa.int/documents/247904/690755/Sentinel_Data_Legal_Notice"},{"rel":"derived_from","href":"https://earth-search.aws.element84.com/v1/collections/sentinel-2-l1c/items/S2A_10TFK_20181211_0_L1C","type":"application/geo+json"},{"rel":"parent","type":"application/json","href":"https://earth-search.aws.element84.com/v1/collections/sentinel-2-l2a"},{"rel":"collection","type":"application/json","href":"https://earth-search.aws.element84.com/v1/collections/sentinel-2-l2a"},{"rel":"root","type":"application/json","href":"https://earth-search.aws.element84.com/v1"},{"rel":"thumbnail","href":"https://earth-search.aws.element84.com/v1/collections/sentinel-2-l2a/items/S2A_10TFK_20181211_0_L2A/thumbnail"}],"assets":{"aot":{"href":"https://sentinel-cogs.s3.us-west-2.amazonaws.com/sentinel-s2-l2a-cogs/10/T/FK/2018/12/S2A_10TFK_20181211_0_L2A/AOT.tif","type":"image/tiff; application=geotiff; profile=cloud-optimized","title":"Aerosol optical thickness (AOT)","proj:shape":[5490,5490],"proj:transform":[20,0,600000,0,-20,4500000],"raster:bands":[{"nodata":0,"data_type":"uint16","bits_per_sample":15,"spatial_resolution":20,"scale":0.001,"offset":0}],"roles":["data","reflectance"]},"blue":{"href":"https://sentinel-cogs.s3.us-west-2.amazonaws.com/sentinel-s2-l2a-cogs/10/T/FK/2018/12/S2A_10TFK_20181211_0_L2A/B02.tif","type":"image/tiff; application=geotiff; profile=cloud-optimized","title":"Blue (band 2) - 10m","eo:bands":[{"name":"blue","common_name":"blue","description":"Blue (band 2)","center_wavelength":0.49,"full_width_half_max":0.098}],"gsd":10,"proj:shape":[10980,10980],"proj:transform":[10,0,600000,0,-10,4500000],"raster:bands":[{"nodata":0,"data_type":"uint16","bits_per_sample":15,"spatial_resolution":10,"scale":0.0001,"offset":0}],"roles":["data","reflectance"]},"coastal":{"href":"https://sentinel-cogs.s3.us-west-2.amazonaws.com/sentinel-s2-l2a-cogs/10/T/FK/2018/12/S2A_10TFK_20181211_0_L2A/B01.tif","type":"image/tiff; application=geotiff; profile=cloud-optimized","title":"Coastal aerosol (band 1) - 60m","eo:bands":[{"name":"coastal","common_name":"coastal","description":"Coastal aerosol (band 1)","center_wavelength":0.443,"full_width_half_max":0.027}],"gsd":60,"proj:shape":[1830,1830],"proj:transform":[60,0,600000,0,-60,4500000],"raster:bands":[{"nodata":0,"data_type":"uint16","bits_per_sample":15,"spatial_resolution":60,"scale":0.0001,"offset":0}],"roles":["data","reflectance"]},"granule_metadata":{"href":"https://sentinel-cogs.s3.us-west-2.amazonaws.com/sentinel-s2-l2a-cogs/10/T/FK/2018/12/S2A_10TFK_20181211_0_L2A/granule_metadata.xml","type":"application/xml","roles":["metadata"]},"green":{"href":"https://sentinel-cogs.s3.us-west-2.amazonaws.com/sentinel-s2-l2a-cogs/10/T/FK/2018/12/S2A_10TFK_20181211_0_L2A/B03.tif","type":"image/tiff; application=geotiff; profile=cloud-optimized","title":"Green (band 3) - 10m","eo:bands":[{"name":"green","common_name":"green","description":"Green (band 3)","center_wavelength":0.56,"full_width_half_max":0.045}],"gsd":10,"proj:shape":[10980,10980],"proj:transform":[10,0,600000,0,-10,4500000],"raster:bands":[{"nodata":0,"data_type":"uint16","bits_per_sample":15,"spatial_resolution":10,"scale":0.0001,"offset":0}],"roles":["data","reflectance"]},"nir":{"href":"https://sentinel-cogs.s3.us-west-2.amazonaws.com/sentinel-s2-l2a-cogs/10/T/FK/2018/12/S2A_10TFK_20181211_0_L2A/B08.tif","type":"image/tiff; application=geotiff; profile=cloud-optimized","title":"NIR 1 (band 8) - 10m","eo:bands":[{"name":"nir","common_name":"nir","description":"NIR 1 (band 8)","center_wavelength":0.842,"full_width_half_max":0.145}],"gsd":10,"proj:shape":[10980,10980],"proj:transform":[10,0,600000,0,-10,4500000],"raster:bands":[{"nodata":0,"data_type":"uint16","bits_per_sample":15,"spatial_resolution":10,"scale":0.0001,"offset":0}],"roles":["data","reflectance"]},"nir08":{"href":"https://sentinel-cogs.s3.us-west-2.amazonaws.com/sentinel-s2-l2a-cogs/10/T/FK/2018/12/S2A_10TFK_20181211_0_L2A/B8A.tif","type":"image/tiff; application=geotiff; profile=cloud-optimized","title":"NIR 2 (band 8A) - 20m","eo:bands":[{"name":"nir08","common_name":"nir08","description":"NIR 2 (band 8A)","center_wavelength":0.865,"full_width_half_max":0.033}],"gsd":20,"proj:shape":[5490,5490],"proj:transform":[20,0,600000,0,-20,4500000],"raster:bands":[{"nodata":0,"data_type":"uint16","bits_per_sample":15,"spatial_resolution":20,"scale":0.0001,"offset":0}],"roles":["data","reflectance"]},"nir09":{"href":"https://sentinel-cogs.s3.us-west-2.amazonaws.com/sentinel-s2-l2a-cogs/10/T/FK/2018/12/S2A_10TFK_20181211_0_L2A/B09.tif","type":"image/tiff; application=geotiff; profile=cloud-optimized","title":"NIR 3 (band 9) - 60m","eo:bands":[{"name":"nir09","common_name":"nir09","description":"NIR 3 (band 9)","center_wavelength":0.945,"full_width_half_max":0.026}],"gsd":60,"proj:shape":[1830,1830],"proj:transform":[60,0,600000,0,-60,4500000],"raster:bands":[{"nodata":0,"data_type":"uint16","bits_per_sample":15,"spatial_resolution":60,"scale":0.0001,"offset":0}],"roles":["data","reflectance"]},"red":{"href":"https://sentinel-cogs.s3.us-west-2.amazonaws.com/sentinel-s2-l2a-cogs/10/T/FK/2018/12/S2A_10TFK_20181211_0_L2A/B04.tif","type":"image/tiff; application=geotiff; profile=cloud-optimized","title":"Red (band 4) - 10m","eo:bands":[{"name":"red","common_name":"red","description":"Red (band 4)","center_wavelength":0.665,"full_width_half_max":0.038}],"gsd":10,"proj:shape":[10980,10980],"proj:transform":[10,0,600000,0,-10,4500000],"raster:bands":[{"nodata":0,"data_type":"uint16","bits_per_sample":15,"spatial_resolution":10,"scale":0.0001,"offset":0}],"roles":["data","reflectance"]},"rededge1":{"href":"https://sentinel-cogs.s3.us-west-2.amazonaws.com/sentinel-s2-l2a-cogs/10/T/FK/2018/12/S2A_10TFK_20181211_0_L2A/B05.tif","type":"image/tiff; application=geotiff; profile=cloud-optimized","title":"Red edge 1 (band 5) - 20m","eo:bands":[{"name":"rededge1","common_name":"rededge","description":"Red edge 1 (band 5)","center_wavelength":0.704,"full_width_half_max":0.019}],"gsd":20,"proj:shape":[5490,5490],"proj:transform":[20,0,600000,0,-20,4500000],"raster:bands":[{"nodata":0,"data_type":"uint16","bits_per_sample":15,"spatial_resolution":20,"scale":0.0001,"offset":0}],"roles":["data","reflectance"]},"rededge2":{"href":"https://sentinel-cogs.s3.us-west-2.amazonaws.com/sentinel-s2-l2a-cogs/10/T/FK/2018/12/S2A_10TFK_20181211_0_L2A/B06.tif","type":"image/tiff; application=geotiff; profile=cloud-optimized","title":"Red edge 2 (band 6) - 20m","eo:bands":[{"name":"rededge2","common_name":"rededge","description":"Red edge 2 (band 6)","center_wavelength":0.74,"full_width_half_max":0.018}],"gsd":20,"proj:shape":[5490,5490],"proj:transform":[20,0,600000,0,-20,4500000],"raster:bands":[{"nodata":0,"data_type":"uint16","bits_per_sample":15,"spatial_resolution":20,"scale":0.0001,"offset":0}],"roles":["data","reflectance"]},"rededge3":{"href":"https://sentinel-cogs.s3.us-west-2.amazonaws.com/sentinel-s2-l2a-cogs/10/T/FK/2018/12/S2A_10TFK_20181211_0_L2A/B07.tif","type":"image/tiff; application=geotiff; profile=cloud-optimized","title":"Red edge 3 (band 7) - 20m","eo:bands":[{"name":"rededge3","common_name":"rededge","description":"Red edge 3 (band 7)","center_wavelength":0.783,"full_width_half_max":0.028}],"gsd":20,"proj:shape":[5490,5490],"proj:transform":[20,0,600000,0,-20,4500000],"raster:bands":[{"nodata":0,"data_type":"uint16","bits_per_sample":15,"spatial_resolution":20,"scale":0.0001,"offset":0}],"roles":["data","reflectance"]},"scl":{"href":"https://sentinel-cogs.s3.us-west-2.amazonaws.com/sentinel-s2-l2a-cogs/10/T/FK/2018/12/S2A_10TFK_20181211_0_L2A/SCL.tif","type":"image/tiff; application=geotiff; profile=cloud-optimized","title":"Scene classification map (SCL)","proj:shape":[5490,5490],"proj:transform":[20,0,600000,0,-20,4500000],"raster:bands":[{"nodata":0,"data_type":"uint8","spatial_resolution":20}],"roles":["data","reflectance"]},"swir16":{"href":"https://sentinel-cogs.s3.us-west-2.amazonaws.com/sentinel-s2-l2a-cogs/10/T/FK/2018/12/S2A_10TFK_20181211_0_L2A/B11.tif","type":"image/tiff; application=geotiff; profile=cloud-optimized","title":"SWIR 1 (band 11) - 20m","eo:bands":[{"name":"swir16","common_name":"swir16","description":"SWIR 1 (band 11)","center_wavelength":1.61,"full_width_half_max":0.143}],"gsd":20,"proj:shape":[5490,5490],"proj:transform":[20,0,600000,0,-20,4500000],"raster:bands":[{"nodata":0,"data_type":"uint16","bits_per_sample":15,"spatial_resolution":20,"scale":0.0001,"offset":0}],"roles":["data","reflectance"]},"swir22":{"href":"https://sentinel-cogs.s3.us-west-2.amazonaws.com/sentinel-s2-l2a-cogs/10/T/FK/2018/12/S2A_10TFK_20181211_0_L2A/B12.tif","type":"image/tiff; application=geotiff; profile=cloud-optimized","title":"SWIR 2 (band 12) - 20m","eo:bands":[{"name":"swir22","common_name":"swir22","description":"SWIR 2 (band 12)","center_wavelength":2.19,"full_width_half_max":0.242}],"gsd":20,"proj:shape":[5490,5490],"proj:transform":[20,0,600000,0,-20,4500000],"raster:bands":[{"nodata":0,"data_type":"uint16","bits_per_sample":15,"spatial_resolution":20,"scale":0.0001,"offset":0}],"roles":["data","reflectance"]},"thumbnail":{"href":"https://sentinel-cogs.s3.us-west-2.amazonaws.com/sentinel-s2-l2a-cogs/10/T/FK/2018/12/S2A_10TFK_20181211_0_L2A/thumbnail.jpg","type":"image/jpeg","title":"Thumbnail image","roles":["thumbnail"]},"tileinfo_metadata":{"href":"https://sentinel-cogs.s3.us-west-2.amazonaws.com/sentinel-s2-l2a-cogs/10/T/FK/2018/12/S2A_10TFK_20181211_0_L2A/tileinfo_metadata.json","type":"application/json","roles":["metadata"]},"visual":{"href":"https://sentinel-cogs.s3.us-west-2.amazonaws.com/sentinel-s2-l2a-cogs/10/T/FK/2018/12/S2A_10TFK_20181211_0_L2A/TCI.tif","type":"image/tiff; application=geotiff; profile=cloud-optimized","title":"True color image","eo:bands":[{"name":"red","common_name":"red","description":"Red (band 4)","center_wavelength":0.665,"full_width_half_max":0.038},{"name":"green","common_name":"green","description":"Green (band 3)","center_wavelength":0.56,"full_width_half_max":0.045},{"name":"blue","common_name":"blue","description":"Blue (band 2)","center_wavelength":0.49,"full_width_half_max":0.098}],"proj:shape":[10980,10980],"proj:transform":[10,0,600000,0,-10,4500000],"roles":["visual"]},"wvp":{"href":"https://sentinel-cogs.s3.us-west-2.amazonaws.com/sentinel-s2-l2a-cogs/10/T/FK/2018/12/S2A_10TFK_20181211_0_L2A/WVP.tif","type":"image/tiff; application=geotiff; profile=cloud-optimized","title":"Water vapour (WVP)","proj:shape":[5490,5490],"proj:transform":[20,0,600000,0,-20,4500000],"raster:bands":[{"nodata":0,"data_type":"uint16","bits_per_sample":15,"spatial_resolution":20,"unit":"cm","scale":0.001,"offset":0}],"roles":["data","reflectance"]},"aot-jp2":{"href":"s3://sentinel-s2-l2a/tiles/10/T/FK/2018/12/11/0/AOT.jp2","type":"image/jp2","title":"Aerosol optical thickness (AOT)","proj:shape":[5490,5490],"proj:transform":[20,0,600000,0,-20,4500000],"raster:bands":[{"nodata":0,"data_type":"uint16","bits_per_sample":15,"spatial_resolution":20,"scale":0.001,"offset":0}],"roles":["data","reflectance"]},"blue-jp2":{"href":"s3://sentinel-s2-l2a/tiles/10/T/FK/2018/12/11/0/B02.jp2","type":"image/jp2","title":"Blue (band 2) - 10m","eo:bands":[{"name":"blue","common_name":"blue","description":"Blue (band 2)","center_wavelength":0.49,"full_width_half_max":0.098}],"gsd":10,"proj:shape":[10980,10980],"proj:transform":[10,0,600000,0,-10,4500000],"raster:bands":[{"nodata":0,"data_type":"uint16","bits_per_sample":15,"spatial_resolution":10,"scale":0.0001,"offset":0}],"roles":["data","reflectance"]},"coastal-jp2":{"href":"s3://sentinel-s2-l2a/tiles/10/T/FK/2018/12/11/0/B01.jp2","type":"image/jp2","title":"Coastal aerosol (band 1) - 60m","eo:bands":[{"name":"coastal","common_name":"coastal","description":"Coastal aerosol (band 1)","center_wavelength":0.443,"full_width_half_max":0.027}],"gsd":60,"proj:shape":[1830,1830],"proj:transform":[60,0,600000,0,-60,4500000],"raster:bands":[{"nodata":0,"data_type":"uint16","bits_per_sample":15,"spatial_resolution":60,"scale":0.0001,"offset":0}],"roles":["data","reflectance"]},"green-jp2":{"href":"s3://sentinel-s2-l2a/tiles/10/T/FK/2018/12/11/0/B03.jp2","type":"image/jp2","title":"Green (band 3) - 10m","eo:bands":[{"name":"green","common_name":"green","description":"Green (band 3)","center_wavelength":0.56,"full_width_half_max":0.045}],"gsd":10,"proj:shape":[10980,10980],"proj:transform":[10,0,600000,0,-10,4500000],"raster:bands":[{"nodata":0,"data_type":"uint16","bits_per_sample":15,"spatial_resolution":10,"scale":0.0001,"offset":0}],"roles":["data","reflectance"]},"nir-jp2":{"href":"s3://sentinel-s2-l2a/tiles/10/T/FK/2018/12/11/0/B08.jp2","type":"image/jp2","title":"NIR 1 (band 8) - 10m","eo:bands":[{"name":"nir","common_name":"nir","description":"NIR 1 (band 8)","center_wavelength":0.842,"full_width_half_max":0.145}],"gsd":10,"proj:shape":[10980,10980],"proj:transform":[10,0,600000,0,-10,4500000],"raster:bands":[{"nodata":0,"data_type":"uint16","bits_per_sample":15,"spatial_resolution":10,"scale":0.0001,"offset":0}],"roles":["data","reflectance"]},"nir08-jp2":{"href":"s3://sentinel-s2-l2a/tiles/10/T/FK/2018/12/11/0/B8A.jp2","type":"image/jp2","title":"NIR 2 (band 8A) - 20m","eo:bands":[{"name":"nir08","common_name":"nir08","description":"NIR 2 (band 8A)","center_wavelength":0.865,"full_width_half_max":0.033}],"gsd":20,"proj:shape":[5490,5490],"proj:transform":[20,0,600000,0,-20,4500000],"raster:bands":[{"nodata":0,"data_type":"uint16","bits_per_sample":15,"spatial_resolution":20,"scale":0.0001,"offset":0}],"roles":["data","reflectance"]},"nir09-jp2":{"href":"s3://sentinel-s2-l2a/tiles/10/T/FK/2018/12/11/0/B09.jp2","type":"image/jp2","title":"NIR 3 (band 9) - 60m","eo:bands":[{"name":"nir09","common_name":"nir09","description":"NIR 3 (band 9)","center_wavelength":0.945,"full_width_half_max":0.026}],"gsd":60,"proj:shape":[1830,1830],"proj:transform":[60,0,600000,0,-60,4500000],"raster:bands":[{"nodata":0,"data_type":"uint16","bits_per_sample":15,"spatial_resolution":60,"scale":0.0001,"offset":0}],"roles":["data","reflectance"]},"red-jp2":{"href":"s3://sentinel-s2-l2a/tiles/10/T/FK/2018/12/11/0/B04.jp2","type":"image/jp2","title":"Red (band 4) - 10m","eo:bands":[{"name":"red","common_name":"red","description":"Red (band 4)","center_wavelength":0.665,"full_width_half_max":0.038}],"gsd":10,"proj:shape":[10980,10980],"proj:transform":[10,0,600000,0,-10,4500000],"raster:bands":[{"nodata":0,"data_type":"uint16","bits_per_sample":15,"spatial_resolution":10,"scale":0.0001,"offset":0}],"roles":["data","reflectance"]},"rededge1-jp2":{"href":"s3://sentinel-s2-l2a/tiles/10/T/FK/2018/12/11/0/B05.jp2","type":"image/jp2","title":"Red edge 1 (band 5) - 20m","eo:bands":[{"name":"rededge1","common_name":"rededge","description":"Red edge 1 (band 5)","center_wavelength":0.704,"full_width_half_max":0.019}],"gsd":20,"proj:shape":[5490,5490],"proj:transform":[20,0,600000,0,-20,4500000],"raster:bands":[{"nodata":0,"data_type":"uint16","bits_per_sample":15,"spatial_resolution":20,"scale":0.0001,"offset":0}],"roles":["data","reflectance"]},"rededge2-jp2":{"href":"s3://sentinel-s2-l2a/tiles/10/T/FK/2018/12/11/0/B06.jp2","type":"image/jp2","title":"Red edge 2 (band 6) - 20m","eo:bands":[{"name":"rededge2","common_name":"rededge","description":"Red edge 2 (band 6)","center_wavelength":0.74,"full_width_half_max":0.018}],"gsd":20,"proj:shape":[5490,5490],"proj:transform":[20,0,600000,0,-20,4500000],"raster:bands":[{"nodata":0,"data_type":"uint16","bits_per_sample":15,"spatial_resolution":20,"scale":0.0001,"offset":0}],"roles":["data","reflectance"]},"rededge3-jp2":{"href":"s3://sentinel-s2-l2a/tiles/10/T/FK/2018/12/11/0/B07.jp2","type":"image/jp2","title":"Red edge 3 (band 7) - 20m","eo:bands":[{"name":"rededge3","common_name":"rededge","description":"Red edge 3 (band 7)","center_wavelength":0.783,"full_width_half_max":0.028}],"gsd":20,"proj:shape":[5490,5490],"proj:transform":[20,0,600000,0,-20,4500000],"raster:bands":[{"nodata":0,"data_type":"uint16","bits_per_sample":15,"spatial_resolution":20,"scale":0.0001,"offset":0}],"roles":["data","reflectance"]},"scl-jp2":{"href":"s3://sentinel-s2-l2a/tiles/10/T/FK/2018/12/11/0/SCL.jp2","type":"image/jp2","title":"Scene classification map (SCL)","proj:shape":[5490,5490],"proj:transform":[20,0,600000,0,-20,4500000],"raster:bands":[{"nodata":0,"data_type":"uint8","spatial_resolution":20}],"roles":["data","reflectance"]},"swir16-jp2":{"href":"s3://sentinel-s2-l2a/tiles/10/T/FK/2018/12/11/0/B11.jp2","type":"image/jp2","title":"SWIR 1 (band 11) - 20m","eo:bands":[{"name":"swir16","common_name":"swir16","description":"SWIR 1 (band 11)","center_wavelength":1.61,"full_width_half_max":0.143}],"gsd":20,"proj:shape":[5490,5490],"proj:transform":[20,0,600000,0,-20,4500000],"raster:bands":[{"nodata":0,"data_type":"uint16","bits_per_sample":15,"spatial_resolution":20,"scale":0.0001,"offset":0}],"roles":["data","reflectance"]},"swir22-jp2":{"href":"s3://sentinel-s2-l2a/tiles/10/T/FK/2018/12/11/0/B12.jp2","type":"image/jp2","title":"SWIR 2 (band 12) - 20m","eo:bands":[{"name":"swir22","common_name":"swir22","description":"SWIR 2 (band 12)","center_wavelength":2.19,"full_width_half_max":0.242}],"gsd":20,"proj:shape":[5490,5490],"proj:transform":[20,0,600000,0,-20,4500000],"raster:bands":[{"nodata":0,"data_type":"uint16","bits_per_sample":15,"spatial_resolution":20,"scale":0.0001,"offset":0}],"roles":["data","reflectance"]},"visual-jp2":{"href":"s3://sentinel-s2-l2a/tiles/10/T/FK/2018/12/11/0/TCI.jp2","type":"image/jp2","title":"True color image","eo:bands":[{"name":"red","common_name":"red","description":"Red (band 4)","center_wavelength":0.665,"full_width_half_max":0.038},{"name":"green","common_name":"green","description":"Green (band 3)","center_wavelength":0.56,"full_width_half_max":0.045},{"name":"blue","common_name":"blue","description":"Blue (band 2)","center_wavelength":0.49,"full_width_half_max":0.098}],"proj:shape":[10980,10980],"proj:transform":[10,0,600000,0,-10,4500000],"roles":["visual"]},"wvp-jp2":{"href":"s3://sentinel-s2-l2a/tiles/10/T/FK/2018/12/11/0/WVP.jp2","type":"image/jp2","title":"Water vapour (WVP)","proj:shape":[5490,5490],"proj:transform":[20,0,600000,0,-20,4500000],"raster:bands":[{"nodata":0,"data_type":"uint16","bits_per_sample":15,"spatial_resolution":20,"unit":"cm","scale":0.001,"offset":0}],"roles":["data","reflectance"]}},"bbox":[-121.8343226741975,39.635880717283825,-120.51956282559038,40.64479052153661],"stac_extensions":["https://stac-extensions.github.io/grid/v1.0.0/schema.json","https://stac-extensions.github.io/mgrs/v1.0.0/schema.json","https://stac-extensions.github.io/raster/v1.1.0/schema.json","https://stac-extensions.github.io/processing/v1.1.0/schema.json","https://stac-extensions.github.io/view/v1.0.0/schema.json","https://stac-extensions.github.io/projection/v1.0.0/schema.json","https://stac-extensions.github.io/eo/v1.0.0/schema.json"],"collection":"sentinel-2-l2a"},"grid":{"epsg":32610,"bounds":[617280,4396440,626040,4405500],"width":146,"height":151,"resolution":60,"aoi":[-121.63,39.71,-121.53,39.79]},"algorithm":{"name":"spectral-index-difference","metric":"nbr","formula":"(NIR-SWIR22)/(NIR+SWIR22)","delta":"after - before","declineThreshold":-0.27,"sclClasses":[4,5,6],"resampling":"nearest","connectivity":4,"minPatchPixels":4,"reflectance":"DN * asset scale + asset offset","area":"UTM planar grid cell area; exploratory 60m sampling"},"summary":{"validPixels":7869,"excludedPixels":14177,"declinePixels":6121,"increasePixels":21,"meanBefore":0.4005573298783478,"meanAfter":-0.1973196304489401,"meanDelta":-0.5978769603272879,"patchCount":157},"limitations":["Spectral decline is not proof of a specific cause.","Seasonality, residual cloud/smoke and registration may affect results.","Areas are 60m sampled grid estimates, not survey boundaries."]},"features":[{"type":"Feature","id":1,"properties":{"patch_id":1,"area_ha":828.36,"mean_delta":-0.8087678053036232,"pixels":2301,"metric":"nbr","before":"S2B_10TFK_20181106_0_L2A","after":"S2A_10TFK_20181211_0_L2A"},"geometry":{"type":"MultiPolygon","coordinates":[[[[-121.56522159777386,39.75004945399384],[-121.56382131673482,39.750032134158204],[-121.56383254095147,39.7494916928112],[-121.56243227205775,39.749474356420635],[-121.5624210369066,39.75001479743716],[-121.55962048088738,39.74998007333913],[-121.55960922356378,39.75052051364062],[-121.55890907985028,39.75051182189714],[-121.55889781675562,39.75105226197982],[-121.55819766787836,39.75104356584921],[-121.55818639901234,39.751584005712985],[-121.55748624497139,39.75157530519505],[-121.55749751930503,39.7510348654971],[-121.55679737103573,39.75102616092355],[-121.55677481112903,39.752107039934444],[-121.5560746522286,39.75209833080742],[-121.55606336635104,39.752638770067136],[-121.55466303852769,39.75262133881603],[-121.55465174140973,39.75316177769033],[-121.55045073244861,39.753109381618174],[-121.55046206237448,39.75256894374259],[-121.55116222430367,39.752577686808976],[-121.5511848723033,39.751496810565],[-121.5504847213096,39.75148806783193],[-121.55051870742079,39.74986675356716],[-121.5498185731347,39.74985800711277],[-121.54979590509821,39.75093888300899],[-121.5490957601832,39.75093013199976],[-121.54908442023897,39.75147056970132],[-121.54838427016232,39.751461814303795],[-121.54839561557405,39.75092137676913],[-121.54769547127087,39.75091261731712],[-121.54771817211099,39.7498317424222],[-121.54701803904842,39.7498229790829],[-121.54700668331425,39.750363416389895],[-121.54490626956311,39.75033710054309],[-121.54492901352776,39.74925622687913],[-121.54352876109513,39.74923866254447],[-121.54354014355113,39.74869822596752],[-121.54284002326204,39.74868943763605],[-121.54285141087777,39.74814900117343],[-121.54075106825373,39.74812261135594],[-121.54076247196188,39.74758217534313],[-121.53866214850521,39.747555748041094],[-121.53865072839761,39.748096183550125],[-121.537950615728,39.748087365839694],[-121.53793918984577,39.74862780112744],[-121.5372390720177,39.74861897902795],[-121.5372162083952,39.74969984910745],[-121.53511582396042,39.74967335647317],[-121.53512727232649,39.74913292196501],[-121.53442715026571,39.74912408281314],[-121.53443860378977,39.748583648420244],[-121.5323382558615,39.74855710614441],[-121.53234972547632,39.748016672204216],[-121.53094950600357,39.747998956586656],[-121.53096098624184,39.74745852293091],[-121.53516161557226,39.74751161812118],[-121.53517306270344,39.74697118340013],[-121.53657326401893,39.746988847693814],[-121.53656182782034,39.74752928275159],[-121.53796204130208,39.74754693049875],[-121.53800774051727,39.74538518860282],[-121.53660757076425,39.74536754220121],[-121.53659613549087,39.745907977418625],[-121.53589604561097,39.74589914771878],[-121.5359189267809,39.74481827756734],[-121.53451876980998,39.74480060617966],[-121.53453022086323,39.744260171360956],[-121.5331300760586,39.74424248342888],[-121.53311861407425,39.744782917910406],[-121.53171845957503,39.744765212759624],[-121.53169551281613,39.74584608088798],[-121.53099542509908,39.74583722164429],[-121.53098394578957,39.746377655459725],[-121.53028385291621,39.74636879182656],[-121.53012303353478,39.753934857287085],[-121.53082320294658,39.75394372328592],[-121.53084616992578,39.7528628570925],[-121.53154632871143,39.752871718531786],[-121.53155780626881,39.7523312851863],[-121.53085765295083,39.75232242391591],[-121.53088061807189,39.751241557403034],[-121.53228090314744,39.751259275046834],[-121.53226943167655,39.75179970866763],[-121.53366972892441,39.75181740976347],[-121.53365826807932,39.75235784366842],[-121.53295811383316,39.752348995062555],[-121.53294664721126,39.75288942874561],[-121.53434696694806,39.75290712207309],[-121.53435842263453,39.75236668805278],[-121.53715904394335,39.752402023374955],[-121.53717047745037,39.75186158862788],[-121.53787062808121,39.75187041173643],[-121.53781348480203,39.7545725857805],[-121.53711330683156,39.75456376183105],[-121.53712474157204,39.75402332729685],[-121.53642456937817,39.75401449929381],[-121.53643600927836,39.75347406487466],[-121.53713617600418,39.75348289270943],[-121.53714761012793,39.7529424580688],[-121.53504712727998,39.75291596240442],[-121.53502422591616,39.753996830622384],[-121.53572439749283,39.75400566706898],[-121.53570150583027,39.75508653541091],[-121.53710187178264,39.75510419631203],[-121.53707900075965,39.75618506511432],[-121.536378806692,39.756176236438186],[-121.53636736524905,39.756716670591224],[-121.53566716602117,39.75670783752462],[-121.53564427127155,39.757788705334306],[-121.53494406141438,39.75777986770863],[-121.5349326081072,39.75832030136518],[-121.53563282343363,39.758329139159315],[-121.53562137528691,39.758869572931076],[-121.53492115449116,39.7588607349685],[-121.53490970056617,39.7594011685186],[-121.5342094746098,39.759392326164985],[-121.53418655489362,39.76047319276842],[-121.53348631830683,39.760464345855006],[-121.53345192000417,39.76208564485504],[-121.53275166731633,39.76207679321279],[-121.53274019512654,39.762617225937625],[-121.53203993727776,39.76260836990361],[-121.53202845930805,39.763148802406405],[-121.53132819629829,39.76313994198049],[-121.53131671254835,39.763680374261156],[-121.52991617651689,39.76366264040203],[-121.52983570499705,39.76744566250978],[-121.53053601115647,39.7674545327343],[-121.53049004249732,39.76961625915775],[-121.52978971444976,39.76960738825698],[-121.5296862175751,39.77447126807298],[-121.53178735041892,39.77449787266611],[-121.53177586563652,39.77503830399755],[-121.52967471637147,39.77501169889738],[-121.5296517130335,39.77609256038641],[-121.53175289514239,39.77611916650069],[-121.53176438054433,39.775578735275744],[-121.53386554901917,39.77560530285832],[-121.53385408003942,39.77614573458959],[-121.53455447562398,39.77615458216912],[-121.53454301180912,39.776695014015786],[-121.53524341317713,39.776703857538784],[-121.53523195452746,39.77724428950075],[-121.53593236167893,39.777253128967054],[-121.53592090819471,39.77779356104426],[-121.53662132112969,39.77780239645372],[-121.53660987281125,39.77834282864607],[-121.53731029152972,39.77835165999851],[-121.53729884837733,39.77889209230594],[-121.53589800029947,39.77887442503895],[-121.53588654588843,39.779414856956464],[-121.53728740491633,39.779432524560136],[-121.53727596114662,39.779972956761114],[-121.5365755260031,39.779964124903735],[-121.53656407644941,39.78050455688316],[-121.53446275644654,39.780478035451765],[-121.53445129015772,39.781018466872546],[-121.53305040075114,39.78100076445238],[-121.53306187799079,39.780460333368964],[-121.53236143922717,39.780451475989004],[-121.53234995651212,39.78099190690361],[-121.53164951258286,39.78098304512909],[-121.53163802408254,39.78152347582155],[-121.5309375749876,39.781514609652305],[-121.53094906896347,39.78097417912879],[-121.5302486256541,39.78096530890274],[-121.53017962429301,39.78420789023067],[-121.53088010045768,39.78421676147103],[-121.5308686046215,39.784757191675006],[-121.53226956883383,39.78477492181489],[-121.5322580836407,39.785315352303506],[-121.53295857168818,39.78532421120276],[-121.53294709166195,39.78586464180696],[-121.53364758549586,39.785873496648534],[-121.53363611063683,39.78641392736824],[-121.53293561132607,39.78640507235791],[-121.5329241306805,39.78694550285561],[-121.53012211462759,39.78691003987271],[-121.53008760510512,39.788531329018866],[-121.53078812508517,39.788540201611795],[-121.53079962309216,39.787999771780584],[-121.53150013790493,39.78800863997763],[-121.53148864537539,39.78854906997783],[-121.5321891659756,39.78855793411697],[-121.53221213976998,39.78747707372549],[-121.53361315999022,39.78749478864791],[-121.53360168420264,39.788035219207856],[-121.53500271661576,39.78805291756053],[-121.5349912514736,39.78859334840452],[-121.53359020810547,39.78857564971457],[-121.53357873169874,39.78911608016806],[-121.53287820500134,39.789107224313945],[-121.53286672280724,39.789647654545405],[-121.5321661909418,39.78963879429547],[-121.53217767861364,39.789098364232856],[-121.53007610131036,39.789071758627735],[-121.53006459720532,39.78961218818334],[-121.53076512814067,39.78962106111443],[-121.53075362920318,39.790161490785856],[-121.53916009031423,39.790267638270365],[-121.53918295641027,39.789186774828735],[-121.53988348588852,39.78919559263973],[-121.53987205847257,39.78973602455518],[-121.54337473787396,39.78978005104339],[-121.54339753761955,39.78869918548129],[-121.54409806346733,39.78870797776239],[-121.54407527467738,39.7897888436596],[-121.55808607509654,39.78996380827439],[-121.5580973600851,39.789423372018206],[-121.55879789783413,39.78943207569718],[-121.55882045594224,39.78835120269362],[-121.55952098303976,39.78835990181383],[-121.5594984358874,39.789440775148975],[-121.5601989742448,39.78944947037356],[-121.56018770569061,39.789989907127115],[-121.5608882498301,39.78999859829013],[-121.56089951290619,39.789458161370966],[-121.56230059114019,39.78947553068414],[-121.56232309446926,39.78839465602438],[-121.56022151044138,39.788368596707045],[-121.56023277808372,39.78782815979405],[-121.55883173453995,39.78781076611209],[-121.55884301283344,39.787270329477415],[-121.55954352897575,39.7872790282661],[-121.55955480148764,39.78673859141251],[-121.55815378046194,39.78672118993991],[-121.55816506362419,39.78618075336478],[-121.55746455904502,39.78617204645425],[-121.55745327040555,39.786712482863436],[-121.55675276065368,39.786703771560184],[-121.55676405477034,39.786163335317],[-121.55536304713506,39.78614590036247],[-121.55537435190115,39.78560546439838],[-121.55467385401789,39.785596740747344],[-121.55468516395591,39.78505630489635],[-121.5539846718546,39.78504757718504],[-121.55399598696425,39.78450714144721],[-121.55329550064485,39.7844984096758],[-121.55331814090154,39.783417538373406],[-121.55261766584046,39.78340880270854],[-121.55259501463078,39.78448967367797],[-121.55119404351936,39.78447218900309],[-121.55120538023002,39.783931753878164],[-121.55190586015638,39.78394049816216],[-121.55191719108484,39.78340006281743],[-121.5512167166349,39.78339131870006],[-121.55122805273395,39.7828508834688],[-121.55052758406599,39.7828421352919],[-121.55056160695642,39.78122082977915],[-121.54986115502217,39.78121207787649],[-121.54987250084947,39.780671642765995],[-121.5505729473081,39.780680394501864],[-121.55058428735391,39.780139959171414],[-121.55128472864295,39.780148706514744],[-121.55127339407262,39.780689142011916],[-121.55197384114288,39.7806978852961],[-121.55196251174249,39.78123832090671],[-121.55126205919659,39.78122957745589],[-121.5512507240148,39.7817700128467],[-121.55265164036382,39.78178749585561],[-121.552662964594,39.78124706013162],[-121.55336341775093,39.7812557951306],[-121.55337473620001,39.78071535918696],[-121.55267428851873,39.78070662435445],[-121.55269693545189,39.77962575264063],[-121.55339737218229,39.7796344871402],[-121.55342000694347,39.77855361488078],[-121.55412043302883,39.77856234482189],[-121.5541317444766,39.77802190844606],[-121.5548321653921,39.77803063399534],[-121.55482085941928,39.778571070537474],[-121.55552128611471,39.77857979202753],[-121.55550998531203,39.77912022868271],[-121.55621041778738,39.779128946113325],[-121.55623300813782,39.778048072417526],[-121.55693342996777,39.7780567852904],[-121.55694471921117,39.77751634819671],[-121.55624430285609,39.777507635489876],[-121.55625559726967,39.77696719850909],[-121.55485477642289,39.776949760751585],[-121.55486608148088,39.77640932404996],[-121.55626689137863,39.77642676147514],[-121.55627818518295,39.775886324388026],[-121.55557778555608,39.77587760795417],[-121.55558908453001,39.77533717098004],[-121.55769026790165,39.775363307108],[-121.55767898535042,39.77590374458026],[-121.55837938589075,39.775912448338644],[-121.5584019397405,39.77483157300921],[-121.55770155014858,39.77482286958259],[-121.55771283209117,39.774282432004036],[-121.55841321620915,39.77429113526478],[-121.55842449237365,39.77375069746719],[-121.55632335735416,39.773724575508034],[-121.55633464963547,39.77318413815515],[-121.55563427737825,39.773175422551866],[-121.5556229796233,39.77371585973865],[-121.55422222507589,39.773698415525395],[-121.5542335337781,39.77315797867108],[-121.55493390542574,39.77316670272385],[-121.55494520834944,39.7726262656501],[-121.55634594161222,39.772643700749114],[-121.55635723328439,39.77210326328993],[-121.55775795681872,39.77212068115829],[-121.55774667609325,39.77266111894944],[-121.56124851761794,39.772704590518245],[-121.56125977097646,39.77216415189858],[-121.5619601347192,39.77217283337278],[-121.56197138230092,39.77163239453451],[-121.56267174087375,39.7716410716187],[-121.56269422418103,39.77056019345202],[-121.56199387655433,39.770551516698575],[-121.562005123226,39.77001107770091],[-121.56130478137545,39.770002396888536],[-121.56131603321644,39.769461958003184],[-121.55851469074129,39.76942719317324],[-121.55852596416885,39.76888675489735],[-121.55782563478235,39.76887805329519],[-121.55783691337817,39.76833761513199],[-121.55643626646257,39.76832019958725],[-121.55644755569857,39.76777976170283],[-121.5557472381696,39.7677710477605],[-121.55576982667202,39.76669017216435],[-121.55717044014666,39.76670759516091],[-121.5571817229975,39.76616715695104],[-121.55648142157968,39.76615844773065],[-121.55649270959778,39.76561800963362],[-121.55719300554401,39.76562671868802],[-121.55720428778623,39.76508628037184],[-121.55650399731142,39.76507757148343],[-121.55651528472065,39.764537133280115],[-121.55581500002157,39.76452842033424],[-121.55580370714105,39.765068858371485],[-121.55510341727526,39.76506014103601],[-121.5551373114164,39.76343882726319],[-121.5544370382687,39.76343010620285],[-121.55444834117714,39.76288966833848],[-121.55584887683564,39.76290710590352],[-121.5558714598556,39.76182622935062],[-121.5551712028152,39.76181751301199],[-121.55518249933877,39.76127707482194],[-121.55588275090878,39.76128579099444],[-121.55591662224126,39.75966447560698],[-121.55661685770548,39.75967318705837],[-121.55662814207082,39.759132748323545],[-121.55592791207638,39.75912403703821],[-121.55593920160706,39.75858359841629],[-121.55663942613185,39.75859230953558],[-121.55667327648895,39.756970992852764],[-121.55737348490995,39.75697969925164],[-121.55741859258384,39.754817942266705],[-121.55811877943356,39.754826643779765],[-121.55813005012324,39.75428620423481],[-121.557429868742,39.75427750288762],[-121.55744114459605,39.75373706345539],[-121.55884149672575,39.7537544615962],[-121.55885276133931,39.75321402177921],[-121.557452420146,39.75319662397001],[-121.55746369539189,39.75265618443151],[-121.56026435712135,39.752690962499784],[-121.56027561019147,39.752150522245216],[-121.56167593194183,39.75216788561808],[-121.5616534473702,39.753248766736036],[-121.56235361963631,39.75325744242074],[-121.56236485660561,39.75271700172295],[-121.56306502370666,39.75272567302055],[-121.56307625490494,39.75218523210435],[-121.56237609327188,39.75217656097204],[-121.5623873296351,39.75163612016801],[-121.56308748580035,39.75164479113503],[-121.56309871639284,39.75110435011259],[-121.56379886739332,39.751113016692834],[-121.56381009221542,39.75057257545206],[-121.56521038418929,39.750589895617864],[-121.56522159777386,39.75004945399384]],[[-121.55604079368278,39.75371964842712],[-121.5560520801691,39.75317920927371],[-121.55675225000545,39.75318791873275],[-121.55674096898728,39.753728358052186],[-121.55604079368278,39.75371964842712]],[[-121.5553293264236,39.75425137351441],[-121.55531803386003,39.754791812395446],[-121.55461784822766,39.75478309399434],[-121.55462914625971,39.75424265527949],[-121.5553293264236,39.75425137351441]],[[-121.55534061868266,39.75371093458023],[-121.55604079368278,39.75371964842712],[-121.55602950689207,39.75426008752741],[-121.5553293264236,39.75425137351441],[-121.55534061868266,39.75371093458023]],[[-121.55465174140973,39.75316177769033],[-121.55535191063714,39.753170495592904],[-121.55534061868266,39.75371093458023],[-121.55464044398705,39.753702216511485],[-121.55465174140973,39.75316177769033]],[[-121.55045073244861,39.753109381618174],[-121.55043940221715,39.75364981944058],[-121.55253992172904,39.75367603697423],[-121.5525286075968,39.754216475243226],[-121.54902771593002,39.75417275741146],[-121.54903905740353,39.75363231997577],[-121.54763871381336,39.75361480362378],[-121.5476160086873,39.754695677774215],[-121.54551546278897,39.75466937057999],[-121.54552683191015,39.754128934032806],[-121.54482665602542,39.75412015669151],[-121.54483803030816,39.75357972025844],[-121.54693854247745,39.75360603911511],[-121.54694990004931,39.75306560212721],[-121.54835023209117,39.75308312658872],[-121.54836157842087,39.75254268921359],[-121.54976190075087,39.75256019645457],[-121.54975056535703,39.75310063416341],[-121.55045073244861,39.753109381618174]],[[-121.54490626956311,39.75033710054309],[-121.54489489712073,39.75087753729528],[-121.5441947543496,39.750868756736416],[-121.54420613225926,39.75032832015159],[-121.54490626956311,39.75033710054309]],[[-121.53657326401893,39.746988847693814],[-121.5365846999091,39.74644841258282],[-121.53728479556337,39.74645723823035],[-121.53727336513936,39.74699767350957],[-121.53657326401893,39.746988847693814]],[[-121.53934298454669,39.78162072477627],[-121.53937726842864,39.77999942697929],[-121.5407781414914,39.780017052663105],[-121.54076672478969,39.780557485651215],[-121.54146716725842,39.78056629232243],[-121.54147857848477,39.780025859166486],[-121.54217901578592,39.780034661444205],[-121.54219042122926,39.77949422806729],[-121.54078955788518,39.779476619621775],[-121.54081238974891,39.77839575337946],[-121.54011196948866,39.77838694315412],[-121.54010054823583,39.77892737613398],[-121.53940012280874,39.77891856151522],[-121.53945725336538,39.77621639692367],[-121.54015765141946,39.77622521070253],[-121.5401690711321,39.77568477745659],[-121.54156985721579,39.77570239200326],[-121.54155844845153,39.77624282558491],[-121.54085804978156,39.776234020256275],[-121.54084663523523,39.77677445361688],[-121.54224744383154,39.77679206038458],[-121.54223603992632,39.77733249402754],[-121.5415356299998,39.77732369258855],[-121.54152422031234,39.77786412601057],[-121.54292505142223,39.77788172499864],[-121.54291365237655,39.778422158702845],[-121.54361407386759,39.778430952026426],[-121.5436026799894,39.778971385845],[-121.54430310726269,39.77898017511061],[-121.54429171855227,39.779520609043495],[-121.54499215160787,39.77952939425098],[-121.54496938421615,39.78061026229199],[-121.54566982852948,39.78061904360855],[-121.54565844984857,39.78115947771661],[-121.54635889994438,39.78116825497465],[-121.5463361526134,39.78224912336574],[-121.54493523082554,39.782231563954525],[-121.54494661559616,39.78169113012023],[-121.54074389046242,39.78163835146782],[-121.54075530778005,39.78109791858613],[-121.54005486014377,39.78108910752123],[-121.54004343735048,39.78162954023501],[-121.53934298454669,39.78162072477627]],[[-121.54483275406979,39.787095466069246],[-121.54484414160454,39.78655503271374],[-121.54414363735906,39.7865462453295],[-121.5441550300637,39.786005812088256],[-121.54485552883216,39.78601459930505],[-121.5448669157526,39.785474165843155],[-121.54346592947674,39.78545658751796],[-121.54347732704352,39.78491615433786],[-121.54277683984338,39.78490735900312],[-121.5427882425793,39.784366925937405],[-121.54488968867206,39.78439329875976],[-121.54487830236589,39.78493373232806],[-121.54627927891686,39.784951293412526],[-121.54626790325705,39.78549172726228],[-121.54836938681471,39.78551803769202],[-121.54835802727885,39.786058471989996],[-121.54975902880346,39.786075991477645],[-121.54974767991536,39.786616426056305],[-121.54904717352281,39.78660766825889],[-121.54903581885131,39.787148102617465],[-121.54833530728781,39.787139340426364],[-121.54834666743655,39.78659890623477],[-121.5476461616567,39.786590139983964],[-121.54763479603074,39.78713057400849],[-121.54693428508025,39.78712180336384],[-121.54694565618342,39.78658136950644],[-121.54624515101689,39.78657259480222],[-121.54622239754926,39.787653462129384],[-121.54552188173501,39.787644682863885],[-121.54553326409965,39.787104249394204],[-121.54483275406979,39.787095466069246]],[[-121.53992919247001,39.787033864445625],[-121.54133020853112,39.787051486043204],[-121.5413416234517,39.786511053525814],[-121.54274262979015,39.78652865788098],[-121.5427312258239,39.78706909073384],[-121.54483275406979,39.787095466069246],[-121.54482136622785,39.787635899371544],[-121.54131879330264,39.787591918507374],[-121.5412959619219,39.78867278327605],[-121.53989491299625,39.78865516067103],[-121.5399063397957,39.78811472864913],[-121.54060685862694,39.788123541897164],[-121.54061827964078,39.78758310965409],[-121.53991776628696,39.78757429657398],[-121.53992919247001,39.787033864445625]],[[-121.53785055499391,39.785926536941176],[-121.53783911299641,39.78646696867166],[-121.53713861183068,39.786458139020944],[-121.53712716404745,39.78699857052994],[-121.53642665771343,39.78698973648425],[-121.53641520414418,39.78753016777168],[-121.53711571595542,39.7875390019857],[-121.53710426755457,39.78807943338823],[-121.53570323328631,39.78806176039661],[-121.53571469264189,39.78752132933087],[-121.53501418144872,39.7875124866633],[-121.53502564597238,39.78697205571283],[-121.53432514056566,39.786963208987096],[-121.53433661025714,39.78642277815197],[-121.53643811097373,39.78644930514361],[-121.53644956392512,39.78590887374974],[-121.53785055499391,39.785926536941176]],[[-121.54000916712198,39.78325083805699],[-121.53999774309618,39.78379127055789],[-121.5406982181122,39.78380008246241],[-121.54068679925466,39.78434051507802],[-121.54138728005505,39.78434932292414],[-121.54137586636604,39.78488975565438],[-121.54067538008908,39.784880947640396],[-121.54064112074425,39.78650224500826],[-121.53994061834483,39.78649343226406],[-121.53992919247001,39.787033864445625],[-121.53852817764172,39.7870162259412],[-121.53855105099133,39.78593536219709],[-121.53785055499391,39.785926536941176],[-121.53787343806304,39.784845673320525],[-121.538573923107,39.78485449824008],[-121.53856248720341,39.78539493024519],[-121.5392629780325,39.78540375110646],[-121.53928583857804,39.78432288670681],[-121.53858535870214,39.78431406618173],[-121.5385967939888,39.78377363407016],[-121.53929726838835,39.78378245442714],[-121.53930869789038,39.78324202209426],[-121.54000916712198,39.78325083805699]],[[-121.53438248592941,39.784261054279085],[-121.53508296395238,39.78426990016191],[-121.53510588897993,39.78318903756887],[-121.53440542190944,39.7831801920232],[-121.53441688943548,39.78263976081539],[-121.53581781293359,39.78265744734356],[-121.53582926919856,39.78211701574546],[-121.53723018298093,39.78213468503272],[-121.53724162798541,39.78159425304466],[-121.53934298454669,39.78162072477627],[-121.53933155596951,39.78216115726881],[-121.54213339093609,39.782196394419756],[-121.54212198395442,39.78273682753061],[-121.54142151927493,39.782728024414105],[-121.54141010650947,39.783268457304],[-121.54000916712198,39.78325083805699],[-121.5400205908396,39.78271040550288],[-121.53651827514625,39.78266628426858],[-121.53650682404829,39.78320671598185],[-121.53720729204585,39.78321554884916],[-121.5371958461152,39.78375598067753],[-121.53649537264145,39.78374714764189],[-121.53648392092572,39.78428757924872],[-121.53578344228451,39.78427874181845],[-121.53577198478341,39.784819173203616],[-121.5343710174754,39.78480148532718],[-121.53438248592941,39.784261054279085]],[[-121.53298153081168,39.78424334983464],[-121.53299300990895,39.78370291907071],[-121.53439395407408,39.78372062317776],[-121.53438248592941,39.784261054279085],[-121.53298153081168,39.78424334983464]],[[-121.53226956883383,39.78477492181489],[-121.53228105371716,39.784234491273025],[-121.53298153081168,39.78424334983464],[-121.53297005140475,39.784783780545325],[-121.53226956883383,39.78477492181489]],[[-121.53357873169874,39.78911608016806],[-121.53497978602212,39.78913377919527],[-121.5349683202614,39.78967420993278],[-121.53356725498243,39.789656510568264],[-121.53357873169874,39.78911608016806]],[[-121.55119404351936,39.78447218900309],[-121.55118270650291,39.785012624074824],[-121.54978172566136,39.784995122160794],[-121.54979307363114,39.78445468742258],[-121.55119404351936,39.78447218900309]],[[-121.54986115502217,39.78121207787649],[-121.54983846244942,39.782292947937925],[-121.5484375375958,39.78227543078721],[-121.54842617989823,39.782815865404324],[-121.54772571245485,39.782807100322835],[-121.54773707562846,39.782266665872775],[-121.54703661396759,39.782257896732276],[-121.5470479823106,39.78171746239614],[-121.54844889498702,39.781734996116924],[-121.5484602520719,39.78119456139345],[-121.54986115502217,39.78121207787649]],[[-121.55485477642289,39.776949760751585],[-121.55484347105995,39.77749019740004],[-121.55414305561926,39.777481472017044],[-121.55415436645683,39.77694103553487],[-121.55485477642289,39.776949760751585]],[[-121.5542335337781,39.77315797867108],[-121.55353316243549,39.77314925039359],[-121.55355578987162,39.77206837685815],[-121.55425615026748,39.77207710480295],[-121.5542335337781,39.77315797867108]],[[-121.55576982667202,39.76669017216435],[-121.55506952039153,39.7666814543304],[-121.55508081965752,39.76614101661877],[-121.55578112046629,39.76614973428654],[-121.55576982667202,39.76669017216435]],[[-121.5544370382687,39.76343010620285],[-121.5544257350554,39.76397054401406],[-121.55372545674156,39.76396181856413],[-121.55373676542581,39.76342138091922],[-121.5544370382687,39.76343010620285]],[[-121.55988157210099,39.77106589953988],[-121.55987030840326,39.77160633793466],[-121.55846959399031,39.77158894574539],[-121.55848086863418,39.771048507682075],[-121.55988157210099,39.77106589953988]],[[-121.55573594346144,39.76831148547885],[-121.55572464844867,39.76885192314402],[-121.55502432027986,39.76884320464542],[-121.55503562076494,39.76830276714641],[-121.55573594346144,39.76831148547885]],[[-121.5546399223733,39.787218047981355],[-121.55462861121491,39.78775848361968],[-121.55392809172777,39.787749755076725],[-121.55393940836363,39.78720931960473],[-121.5546399223733,39.787218047981355]],[[-121.55392809172777,39.787749755076725],[-121.55391677478667,39.78829019049555],[-121.55321625012718,39.788281457559265],[-121.55322757254591,39.787741022306854],[-121.55392809172777,39.787749755076725]],[[-121.55392896640053,39.75423393282264],[-121.55391766290002,39.754774371371234],[-121.55321747787724,39.75476564452613],[-121.55322878684616,39.754225206143886],[-121.55392896640053,39.75423393282264]],[[-121.55370283845804,39.76504269369444],[-121.55369152885872,39.76558313117984],[-121.55299123443618,39.76557440100738],[-121.55300254950689,39.76503396368836],[-121.55370283845804,39.76504269369444]],[[-121.55327285916673,39.78557928076549],[-121.55326153796959,39.78611971623058],[-121.55186053338596,39.78610223900936],[-121.5518831973825,39.78502136869213],[-121.55258368856771,39.785030109082925],[-121.55257236219914,39.785570544434705],[-121.55327285916673,39.78557928076549]],[[-121.55319485902436,39.75584652113115],[-121.55318354914039,39.75638695935391],[-121.55248334801641,39.75637822778755],[-121.55249466336925,39.75583778973122],[-121.55319485902436,39.75584652113115]],[[-121.55308174645735,39.761250900966644],[-121.55307043352268,39.761791338657794],[-121.55237017770187,39.761782605427],[-121.55238149610689,39.76124216790228],[-121.55308174645735,39.761250900966644]],[[-121.55299123443618,39.76557440100738],[-121.5529799190603,39.76611483827324],[-121.55227961947142,39.7661061037107],[-121.55229094031883,39.76556566661132],[-121.55299123443618,39.76557440100738]],[[-121.55296860337924,39.76665527548593],[-121.55295728739297,39.76719571264547],[-121.55225697686059,39.76718697774996],[-121.55226829831868,39.766646540756916],[-121.55296860337924,39.76665527548593]],[[-121.55244940012682,39.7579995416376],[-121.55243808355321,39.7585399794813],[-121.5517378608575,39.75853124302664],[-121.55174918290054,39.757990805349465],[-121.55244940012682,39.7579995416376]],[[-121.5523588589916,39.762323042898544],[-121.55234753997607,39.762863480316916],[-121.55164727351941,39.76285474253],[-121.55165859800559,39.76231430527817],[-121.5523588589916,39.762323042898544]],[[-121.55230226086091,39.76502522945877],[-121.55229094031883,39.76556566661132],[-121.55089035300028,39.76554818514842],[-121.55090168448505,39.76500774832906],[-121.55230226086091,39.76502522945877]],[[-121.55225697686059,39.76718697774996],[-121.55224565509714,39.76772741468985],[-121.55154533939816,39.767718675403955],[-121.55153401185724,39.7682591121241],[-121.55083369099167,39.76825036844766],[-121.55082235767298,39.76879080494798],[-121.55012203164087,39.76878205688081],[-121.5501333704318,39.76824162054722],[-121.54943305017773,39.76823286842282],[-121.54944439413494,39.767692432202836],[-121.55084502400472,39.76770993189415],[-121.55085635671206,39.76716949528747],[-121.55225697686059,39.76718697774996]],[[-121.55184920092918,39.78664267408822],[-121.55183786816671,39.7871831091139],[-121.55113735537896,39.78717436383],[-121.55112601683338,39.78771479863584],[-121.5497249812207,39.787697295054066],[-121.54973633072109,39.78715686058177],[-121.55043684289703,39.787165614319285],[-121.55045953002504,39.78608474488152],[-121.55116003155258,39.786093494058775],[-121.5511486936187,39.786633928970964],[-121.55184920092918,39.78664267408822]],[[-121.55078835588277,39.77041211412992],[-121.5507770213413,39.77095255041754],[-121.55007667341879,39.770943801683444],[-121.55008801343307,39.770403365562544],[-121.55078835588277,39.77041211412992]],[[-121.55029208139796,39.760675506293545],[-121.55026941207166,39.761756380396434],[-121.54956915747282,39.761747630273554],[-121.54955781688066,39.76228806707846],[-121.54675677966358,39.76225302368897],[-121.54676814213748,39.761712587551976],[-121.54816864919285,39.76173011735876],[-121.54818000041973,39.76118968083447],[-121.54888024893644,39.76119843923642],[-121.54889159438703,39.760658002492015],[-121.55029208139796,39.760675506293545]],[[-121.54991788109852,39.77850990179225],[-121.54990653649526,39.77905033711546],[-121.54920610676864,39.779041581654354],[-121.54921745684692,39.778501146498],[-121.54991788109852,39.77850990179225]],[[-121.54970522072449,39.75526238446708],[-121.54969388380201,39.75580282191007],[-121.54899368967423,39.755794069399464],[-121.5490050320654,39.755253632123306],[-121.54970522072449,39.75526238446708]],[[-121.54939901647032,39.76985417676363],[-121.54938767128921,39.770394612770886],[-121.54658630577528,39.77035955936132],[-121.54659767284699,39.76981912402214],[-121.54589733770723,39.76981035027628],[-121.54590870994484,39.76926991505115],[-121.54660903961211,39.76927868862978],[-121.54663177222263,39.76819781768549],[-121.5452311350838,39.76818026697311],[-121.54521975798747,39.768720702137344],[-121.54451943440611,39.76871192027787],[-121.54450805153061,39.76925235522153],[-121.54170673838757,39.76921718487322],[-121.54171814315224,39.76867675059987],[-121.54101782110739,39.76866794762037],[-121.54102923103656,39.768127513461586],[-121.54032891477154,39.768118706425966],[-121.54034032986493,39.767578272381826],[-121.54104064065797,39.767587079249594],[-121.54106345897766,39.76650621066597],[-121.54176375913491,39.76651501297438],[-121.54175235560062,39.76705544746057],[-121.54245266153713,39.767064245712994],[-121.54244126316709,39.76760468031365],[-121.54174095175873,39.76759588189355],[-121.5417295476093,39.768136316273306],[-121.54383049917242,39.76816269936498],[-121.54384188690588,39.76762226448238],[-121.54804376548897,39.76767491561596],[-121.54802105538006,39.768755787335],[-121.54872138049426,39.76876454807432],[-121.54871003045275,39.769304984021026],[-121.54800969986621,39.769296223114736],[-121.54799834404606,39.769836658841285],[-121.54939901647032,39.76985417676363]],[[-121.54902446387352,39.78768853692287],[-121.54901310858943,39.78822897117505],[-121.54691154195372,39.788202670919055],[-121.54692291367034,39.78766223716804],[-121.54902446387352,39.78768853692287]],[[-121.54901637415065,39.75471319479397],[-121.5490050320654,39.755253632123306],[-121.54830484371216,39.75524487555749],[-121.54831619126597,39.75470443839507],[-121.54901637415065,39.75471319479397]],[[-121.54882351709331,39.76390062216077],[-121.54881216980657,39.7644410585861],[-121.54741160743146,39.764423535555466],[-121.54742296566022,39.76388309946412],[-121.54882351709331,39.76390062216077]],[[-121.54709345261634,39.77955572451967],[-121.54708208549981,39.78009615906856],[-121.54638164604825,39.78008738637079],[-121.54639301864005,39.77954695198907],[-121.54709345261634,39.77955572451967]],[[-121.54582909784001,39.773052960510114],[-121.5458177234551,39.773593395362916],[-121.54511735031068,39.773584616221704],[-121.5451287301691,39.77304418153623],[-121.54582909784001,39.773052960510114]],[[-121.54487215131589,39.751958410640135],[-121.54486077795337,39.752498847232765],[-121.54416061877949,39.75249006617177],[-121.54417199760972,39.751949629746505],[-121.54487215131589,39.751958410640135]],[[-121.54459910593887,39.76492887418273],[-121.54458772521224,39.76546930949877],[-121.54388743476859,39.765460524419964],[-121.54389882096649,39.76492008927136],[-121.54459910593887,39.76492887418273]],[[-121.54413786019836,39.753570938862694],[-121.54412648044747,39.754111375128375],[-121.5434263051764,39.7541025893434],[-121.54343769039548,39.75356215324519],[-121.54413786019836,39.753570938862694]],[[-121.54341491965027,39.75464302538843],[-121.54340353381708,39.75518346138025],[-121.54270334791634,39.75517467103835],[-121.54269195630748,39.75571510680943],[-121.54199176524536,39.755706312077905],[-121.54202595555559,39.754085005107946],[-121.5427261302124,39.75409379933659],[-121.54271473921797,39.75463423521407],[-121.54341491965027,39.75464302538843]],[[-121.54266917216808,39.756795978192],[-121.54265777963748,39.75733641380348],[-121.54195757216871,39.75732761856904],[-121.54196897016833,39.7567871831252],[-121.54266917216808,39.756795978192]],[[-121.5426122064425,39.75949815571743],[-121.54260081237554,39.76003859106292],[-121.54120034305075,39.76002099469484],[-121.54121174805722,39.75948055968474],[-121.5426122064425,39.75949815571743]],[[-121.54206014309969,39.75246369765922],[-121.54203735171096,39.75354456934492],[-121.54133718282965,39.75353577106216],[-121.5413485841457,39.75299533541362],[-121.54064842103983,39.752986533076935],[-121.54065982751622,39.75244609754297],[-121.54206014309969,39.75246369765922]],[[-121.54199176524536,39.755706312077905],[-121.54198036786055,39.75624674762816],[-121.53987978011287,39.75622033759783],[-121.53989119390387,39.75567990255097],[-121.54199176524536,39.755706312077905]],[[-121.54193477524728,39.758408489297125],[-121.54192337632544,39.758948924581354],[-121.54122315275613,39.75894012462143],[-121.54123455714745,39.758399689504934],[-121.54193477524728,39.758408489297125]],[[-121.54140558611377,39.7502931563729],[-121.54139418633505,39.75083359228745],[-121.54069404509964,39.750824790621856],[-121.5406826395461,39.751365226315436],[-121.53928234706346,39.75134760998448],[-121.53927093026726,39.75188804528907],[-121.53997108182224,39.75189685573318],[-121.53995967018581,39.752437291152475],[-121.53855935644845,39.75241966570682],[-121.53858220128392,39.75133879548692],[-121.53648176579408,39.751312326665875],[-121.53649320415177,39.75077189198063],[-121.53789348323542,39.75078954174627],[-121.53790491035025,39.7502491066714],[-121.53860504488722,39.75025792505416],[-121.53859362323956,39.75079836029714],[-121.53999390417182,39.750815984734935],[-121.5400167252905,39.749735113523876],[-121.54071685528397,39.749743919075094],[-121.54070545034561,39.75028435487508],[-121.54140558611377,39.7502931563729]],[[-121.54120034305075,39.76002099469484],[-121.54118893773666,39.76056142965174],[-121.54048869806569,39.76055262496583],[-121.54050010884967,39.760012190176745],[-121.54120034305075,39.76002099469484]],[[-121.54026041774536,39.77136130957335],[-121.54024900049659,39.77190174324501],[-121.53884829227488,39.77188411415027],[-121.53885972046962,39.7713436808146],[-121.54026041774536,39.77136130957335]],[[-121.54023758293984,39.77244217686345],[-121.54022616507517,39.77298261042868],[-121.53952579986388,39.77297379765762],[-121.53953722320183,39.77243336426035],[-121.54023758293984,39.77244217686345]],[[-121.5395029522636,39.774054664292514],[-121.53949152800128,39.774595097530124],[-121.53809076566182,39.774577458305664],[-121.53810220087156,39.77403702540422],[-121.5395029522636,39.774054664292514]],[[-121.5388368637719,39.77242454743272],[-121.53882543496069,39.772964980661946],[-121.53812507036577,39.772956159441655],[-121.53813650465024,39.772415726380544],[-121.5388368637719,39.77242454743272]],[[-121.5385053030581,39.788097089472416],[-121.53849386530351,39.78863752115817],[-121.53779334191988,39.78862869506132],[-121.537804785152,39.788088263543756],[-121.5385053030581,39.788097089472416]],[[-121.53812507036577,39.772956159441655],[-121.53811363577287,39.77349659244955],[-121.53741326601296,39.77348776683646],[-121.53742470607926,39.77294733399676],[-121.53812507036577,39.772956159441655]],[[-121.53671289656162,39.773478936998664],[-121.53670145071322,39.774019369616845],[-121.53600107609707,39.77401053538601],[-121.53601252741899,39.773470102936194],[-121.53671289656162,39.773478936998664]],[[-121.53604687953163,39.77184880526739],[-121.53603542913626,39.77238923787689],[-121.53533507124908,39.77238039992663],[-121.53532361507165,39.77292083231446],[-121.53462325202027,39.77291198997119],[-121.53464617501241,39.77183112547933],[-121.53604687953163,39.77184880526739]],[[-121.53411778832685,39.76371579130116],[-121.53410632615046,39.76425622420363],[-121.53340605127093,39.76424737610979],[-121.53341751891816,39.76370694337596],[-121.53411778832685,39.76371579130116]],[[-121.53399168738198,39.769660550300515],[-121.53398022180447,39.770200982617396],[-121.53327988673604,39.77019213266835],[-121.53326841537664,39.77073256476334],[-121.53256807514501,39.770723710421365],[-121.53259102849938,39.769642846515644],[-121.53399168738198,39.769660550300515]],[[-121.53230402255453,39.78315363002955],[-121.53229253829073,39.7836940606779],[-121.53159206698231,39.78368519805894],[-121.53160355672223,39.78314476757946],[-121.53230402255453,39.78315363002955]],[[-121.53182180290761,39.7728765783523],[-121.53181031905447,39.77341700984349],[-121.53110995207696,39.77340814620843],[-121.53112144140344,39.772867714886175],[-121.53182180290761,39.7728765783523]],[[-121.53110995207696,39.77340814620843],[-121.53109846244062,39.773948577477434],[-121.53039809029958,39.77393970944873],[-121.53040958540937,39.773399278348734],[-121.53110995207696,39.77340814620843]]]]}},{"type":"Feature","id":49,"properties":{"patch_id":49,"area_ha":165.6,"mean_delta":-0.8201903992833043,"pixels":460,"metric":"nbr","before":"S2B_10TFK_20181106_0_L2A","after":"S2A_10TFK_20181211_0_L2A"},"geometry":{"type":"MultiPolygon","coordinates":[[[[-121.56069176051442,39.732154195476674],[-121.55999180230432,39.73214551358345],[-121.56000304931085,39.731605071475556],[-121.55930309686634,39.731596385529265],[-121.55931434903178,39.73105594353385],[-121.55791445597757,39.73103855931695],[-121.55793698124593,39.72995767582955],[-121.55863691669735,39.729966369715754],[-121.55864817341427,39.729425927726616],[-121.55794824342456,39.729417234006156],[-121.5579595052995,39.72887679212963],[-121.55725958107502,39.728868094356756],[-121.55724831373854,39.72940853606746],[-121.55654838435633,39.72939983391052],[-121.55653711125431,39.72994027540219],[-121.55583717671439,39.72993156886104],[-121.55582589784652,39.73047201013359],[-121.55512595814895,39.73046329920808],[-121.55514852650406,39.72938241694196],[-121.55444859803426,39.72937370213035],[-121.55448246466902,39.72775237883101],[-121.55518237675467,39.727761093144224],[-121.55520494206715,39.72668021034669],[-121.5545050409035,39.72667149636577],[-121.55449375293846,39.72721193762496],[-121.55169412948553,39.72717703885781],[-121.55168281937183,39.727717479398535],[-121.55028299855256,39.72770000437456],[-121.55026035556519,39.72878088463025],[-121.54956043469092,39.72877214045794],[-121.54960574128894,39.72661038040073],[-121.54890584256448,39.72660163267745],[-121.54888317895443,39.727682512478815],[-121.54818326961362,39.727673760204055],[-121.54819460703246,39.7271333204968],[-121.54749470345838,39.72712456417104],[-121.54748336057858,39.72766500371136],[-121.5467834518494,39.72765624300074],[-121.54676075424977,39.72873712158783],[-121.54746067390137,39.72874588263247],[-121.54744933010393,39.72928632201329],[-121.54814925552287,39.729295079006796],[-121.5481265779336,39.7303759579428],[-121.54672670555505,39.73035843906964],[-121.54670400489495,39.73143931712499],[-121.54600405824081,39.73143055102672],[-121.54599270198949,39.73197098980751],[-121.54529275017943,39.73196221932356],[-121.5453041118929,39.731421780709965],[-121.54460416585138,39.73141300617475],[-121.54458143119365,39.732493883014214],[-121.54318151818153,39.7324763206188],[-121.54317013946805,39.733016758623954],[-121.54247017795976,39.73300797093081],[-121.54245879347684,39.733548408715244],[-121.54175882681302,39.7335396166358],[-121.54174743656046,39.73408005419944],[-121.54034749322904,39.73406245704882],[-121.54035889440695,39.73352201982065],[-121.53965892866502,39.73351321508494],[-121.53964752202441,39.73405365214527],[-121.53894755112741,39.73404484302289],[-121.53893613871642,39.73458527986207],[-121.53823616266438,39.73457646635287],[-121.5382247444827,39.73511690297083],[-121.5389247259977,39.735125716648064],[-121.53891331297119,39.735666153380855],[-121.53821332599313,39.73565733953559],[-121.53820190719563,39.736197776047156],[-121.53750191506224,39.73618895781475],[-121.53747906561655,39.737269830342015],[-121.5381790686768,39.73727864891064],[-121.53815622892621,39.738359521561314],[-121.5388562432219,39.738368336246694],[-121.5388448283486,39.73890877266026],[-121.53604475115844,39.738873487929354],[-121.53603331412093,39.73941392361708],[-121.53813338794374,39.73944039399915],[-121.53811054572932,39.74052126622416],[-121.53601043912063,39.740494794832856],[-121.53599900115783,39.74103523036093],[-121.53669904185033,39.74104405854608],[-121.53668760904372,39.74158449418923],[-121.53738765550924,39.74159331832275],[-121.53737622785917,39.74213375408089],[-121.53667617592886,39.74212492977916],[-121.53665330877405,39.743205800799366],[-121.53595324622192,39.74319697194104],[-121.53594180671676,39.74373740720302],[-121.53734194305983,39.743755061036026],[-121.53735337163447,39.74321462543752],[-121.53875349827979,39.743232262053304],[-121.53876491561594,39.7426918260654],[-121.54016503256256,39.74270944546458],[-121.54015362615671,39.74324988178836],[-121.54225382027877,39.743276279739455],[-121.54226521028909,39.74273584291247],[-121.54086509149734,39.742718248833995],[-121.54088789245634,39.74163737569121],[-121.54298803831497,39.741663759472814],[-121.54299942193907,39.74112332231868],[-121.54369946570803,39.74113210830511],[-121.54372222110621,39.740051233502314],[-121.54442225425291,39.74006001493406],[-121.54443362602743,39.73951957728546],[-121.54373359834509,39.739510796021136],[-121.54374497527714,39.73897035848677],[-121.5451450200201,39.73898791646106],[-121.54515638571726,39.7384474785388],[-121.54585640308454,39.738456251029326],[-121.54584504285141,39.738996689118814],[-121.54654506598908,39.73900545755698],[-121.54656777522098,39.7379245809905],[-121.54726778773684,39.73793334487493],[-121.54725643873793,39.73847378335183],[-121.54795645702379,39.73848254318379],[-121.5479451131829,39.73902298177449],[-121.54864513723875,39.73903173755384],[-121.54859978067381,39.741193492052616],[-121.54999987341847,39.7412109922868],[-121.550011202089,39.74067055340826],[-121.55071124345496,39.74067929702875],[-121.55075653322476,39.738517540316266],[-121.55145655303866,39.73852627905051],[-121.55144523651835,39.73906671847496],[-121.55214526210158,39.73907545315616],[-121.55213395074034,39.739615892693976],[-121.55143391969284,39.73960715784626],[-121.55142260256216,39.740147597164395],[-121.55282267589108,39.74016506297303],[-121.55281136938437,39.74070550257095],[-121.55421145486213,39.74072295183297],[-121.5542340457125,39.73964207191871],[-121.5549340779793,39.73965078988747],[-121.55491149805796,39.740731670134124],[-121.55631158536296,39.740749094076705],[-121.5563228645466,39.7402086536478],[-121.55702290319078,39.74021735912328],[-121.55703417660574,39.739676918475276],[-121.55633414342604,39.73966821316578],[-121.55634542200133,39.73912777263059],[-121.55494536748326,39.73911034968444],[-121.55497923416856,39.73748902875642],[-121.55567924488335,39.737497741841025],[-121.55569052770588,39.73695730125931],[-121.55429051750819,39.73693987120296],[-121.55430181095365,39.73639943090036],[-121.5564018103158,39.73642556915758],[-121.55641308706635,39.735885128303565],[-121.55501309811413,39.735867707350124],[-121.55502438548721,39.735327266775066],[-121.55572437434789,39.735335979195284],[-121.55574693725475,39.73425509755356],[-121.5564469154935,39.734263805422664],[-121.55645819102774,39.73372336435609],[-121.55575821825184,39.733714656652985],[-121.55578077933345,39.73263377469242],[-121.55788066579714,39.73265988414956],[-121.55786940179618,39.73320032565418],[-121.55716943387509,39.73319162655468],[-121.55715816410765,39.733732067840315],[-121.55995805946496,39.73376683958835],[-121.55996930738138,39.73322639763984],[-121.558569370021,39.73320902053488],[-121.55858062855938,39.73266857886452],[-121.56068051866708,39.732694637696945],[-121.56069176051442,39.732154195476674]],[[-121.55444859803426,39.72937370213035],[-121.55443730854716,39.72991414312383],[-121.55303744159767,39.72989670051344],[-121.55304874200807,39.72935625985247],[-121.55444859803426,39.72937370213035]],[[-121.54245879347684,39.733548408715244],[-121.5431587604477,39.73355719657592],[-121.54314738112049,39.7340976344747],[-121.54244740868695,39.73408884644648],[-121.54245879347684,39.733548408715244]],[[-121.54242463818612,39.73516972174943],[-121.54312462154547,39.735178510112696],[-121.54311324129769,39.73571894785191],[-121.54241325247517,39.7357101593211],[-121.54242463818612,39.73516972174943]],[[-121.5417246551338,39.73516092916715],[-121.54173604600068,39.73462049170989],[-121.54243602359006,39.73462928412455],[-121.54242463818612,39.73516972174943],[-121.5417246551338,39.73516092916715]],[[-121.54029048272744,39.73676464239174],[-121.5403018854427,39.736224205429544],[-121.53960189238599,39.73621539985456],[-121.53963611507625,39.73459408915238],[-121.54033609174364,39.7346028942238],[-121.54032468995081,39.735143331345576],[-121.5417246551338,39.73516092916715],[-121.5417132639597,39.735701366571206],[-121.54101327575142,39.735692569602215],[-121.54099048155503,39.736773443915354],[-121.54029048272744,39.73676464239174]],[[-121.5388562432219,39.738368336246694],[-121.538879072045,39.73728746325997],[-121.53957907572101,39.737296273389994],[-121.53959048420732,39.73675583664889],[-121.54029048272744,39.73676464239174],[-121.54026767637437,39.7378455161565],[-121.53956766692704,39.73783671007791],[-121.53955625782541,39.738377146712644],[-121.5388562432219,39.738368336246694]],[[-121.5387763326442,39.7421513900243],[-121.53878774936462,39.741610953929985],[-121.53948779675417,39.74161976540368],[-121.53947638549863,39.74216020166597],[-121.5387763326442,39.7421513900243]],[[-121.53876491561594,39.7426918260654],[-121.53806485760441,39.742683010035655],[-121.53807628009768,39.74214257416259],[-121.5387763326442,39.7421513900243],[-121.53876491561594,39.7426918260654]],[[-121.54515638571726,39.7384474785388],[-121.5444563686565,39.73843870182874],[-121.5444677395111,39.73789826402061],[-121.54516775110795,39.73790704056335],[-121.54515638571726,39.7384474785388]],[[-121.55511467351494,39.73100374026142],[-121.55510338857663,39.731544181261626],[-121.55440343825927,39.73153546578543],[-121.55441472865968,39.73099502495137],[-121.55511467351494,39.73100374026142]],[[-121.55438085654501,39.7326163472941],[-121.5543695652312,39.73315678796871],[-121.55366959883106,39.73314806777527],[-121.55368089560747,39.73260762726689],[-121.55438085654501,39.7326163472941]],[[-121.55366959883106,39.73314806777527],[-121.55365830175008,39.73368850823051],[-121.55295833019191,39.733679783651965],[-121.55296963273558,39.73313934336305],[-121.55366959883106,39.73314806777527]],[[-121.55219050449621,39.73691369447339],[-121.55217919435506,39.737454134223825],[-121.55147918516384,39.737445400042134],[-121.55149050076868,39.73690496045822],[-121.55219050449621,39.73691369447339]],[[-121.55156970145912,39.733121881882326],[-121.55155838799008,39.733662321838345],[-121.55085841734672,39.73365358460329],[-121.55086973627843,39.73311314481381],[-121.55156970145912,39.733121881882326]],[[-121.55090369124224,39.73149182512649],[-121.55089237322619,39.732032265075425],[-121.55019241927558,39.73202352412144],[-121.55020374275385,39.73148308433914],[-121.55090369124224,39.73149182512649]],[[-121.55019241927558,39.73202352412144],[-121.55013579730375,39.73472572223554],[-121.54943581634531,39.73471697622936],[-121.54941315449253,39.7357978547694],[-121.5487131629133,39.73578910421062],[-121.54869048891142,39.73686998220436],[-121.54729048481657,39.736852467761636],[-121.54727913642974,39.73739290634487],[-121.54587912263172,39.73737537469079],[-121.54589048194582,39.73683493644177],[-121.54449048030037,39.7368173882448],[-121.5445018502351,39.736276950277116],[-121.54380185533564,39.73626817001711],[-121.54382460521173,39.73518729425697],[-121.5445245891847,39.73519607418221],[-121.5445132198632,39.73573651225626],[-121.54731318067218,39.735771590435654],[-121.547324528141,39.73523115169289],[-121.54802451364543,39.735239910522964],[-121.54803585534516,39.73469947156008],[-121.54873583569238,39.7347082260042],[-121.54876984256829,39.73308690829583],[-121.54946980683286,39.73309565802057],[-121.54949246563032,39.73201477894887],[-121.55019241927558,39.73202352412144]],[[-121.5501131463773,39.73580660110904],[-121.55010182045595,39.73634704046606],[-121.5494018231078,39.73633829395968],[-121.54941315449253,39.7357978547694],[-121.5501131463773,39.73580660110904]],[[-121.54954910727781,39.72931258033934],[-121.54953777955927,39.72985302016757],[-121.54883784806738,39.72984427144361],[-121.54884918124755,39.729303831782154],[-121.54954910727781,39.72931258033934]],[[-121.54936782712015,39.737959611211494],[-121.54935649451305,39.73850005018912],[-121.54865647561554,39.73849129879623],[-121.54866781368656,39.73795085998544],[-121.54936782712015,39.737959611211494]]]]}},{"type":"Feature","id":24,"properties":{"patch_id":24,"area_ha":29.52,"mean_delta":-0.752648104907215,"pixels":82,"metric":"nbr","before":"S2B_10TFK_20181106_0_L2A","after":"S2A_10TFK_20181211_0_L2A"},"geometry":{"type":"MultiPolygon","coordinates":[[[[-121.5718992904812,39.765808633163445],[-121.57049868617139,39.76579138822565],[-121.57048750758665,39.766331829627255],[-121.5697872004122,39.766323200658285],[-121.5697648313942,39.76740408297324],[-121.56906451357746,39.767395449451385],[-121.5690757037093,39.766855008485],[-121.56697476848666,39.76682908306977],[-121.56696356193872,39.767369523542],[-121.56416229731944,39.76733489652763],[-121.56417352575531,39.76679445671536],[-121.56557414651589,39.76681177834026],[-121.56558536370528,39.766271338144726],[-121.56698597473233,39.76628864254441],[-121.56699718067577,39.76574820196593],[-121.56769748117102,39.7657568476653],[-121.5676862806993,39.766297288408566],[-121.56908689353938,39.766314567465514],[-121.56909808306763,39.76577412639292],[-121.56839778196837,39.76576548914096],[-121.56840897666642,39.7652250481799],[-121.56700838631699,39.765207761334345],[-121.56701959165595,39.76466732064964],[-121.56561901345825,39.7646500172394],[-121.56563022943752,39.76410957683138],[-121.56352938082388,39.7640835905348],[-121.56351814843087,39.764624030447514],[-121.56421843647055,39.764632696935],[-121.56420720924598,39.765173136959774],[-121.56350691573492,39.765164470307106],[-121.56345074771052,39.76786666880817],[-121.56275042714336,39.767857997105544],[-121.56272794686794,39.76893887580353],[-121.5620276156593,39.76893019954619],[-121.56201636959432,39.76947063865012],[-121.5627167062755,39.76947931507281],[-121.56270546537984,39.77001975428898],[-121.56410615059703,39.77003709479216],[-121.56411738054727,39.769496655245504],[-121.56481771813755,39.76950531899548],[-121.56480649366002,39.77004575870726],[-121.56760786893804,39.77008037212428],[-121.5675966660493,39.770620812442644],[-121.5682970160975,39.77062945540076],[-121.56831941062715,39.76954857438145],[-121.56901975003167,39.769557212785834],[-121.56903094137088,39.76901677203189],[-121.56973127560462,39.76902540604742],[-121.56972008973806,39.76956584696592],[-121.57042042974615,39.769574476921726],[-121.57044279023246,39.768493594702655],[-121.56974246116951,39.7684849650758],[-121.56975364643269,39.767944524051074],[-121.57185461810897,39.76797039976603],[-121.5718992904812,39.765808633163445]],[[-121.56561901345825,39.7646500172394],[-121.56560779717644,39.76519045759429],[-121.56490750305987,39.765181799388834],[-121.56491872481307,39.76464135919896],[-121.56561901345825,39.7646500172394]],[[-121.56345074771052,39.76786666880817],[-121.5641510685807,39.767875336286785],[-121.56413983953908,39.76841577599282],[-121.56343951319666,39.768407108348995],[-121.56345074771052,39.76786666880817]],[[-121.56905332314373,39.76793589036467],[-121.56904213240821,39.768476331224825],[-121.56834180394881,39.768467693149724],[-121.56833060743898,39.76900813379215],[-121.56763027380909,39.76899949132821],[-121.56764147579136,39.7684590508505],[-121.56694114793606,39.76845040432718],[-121.56695235508853,39.76790996396115],[-121.56905332314373,39.76793589036467]]]]}},{"type":"Feature","id":3,"properties":{"patch_id":3,"area_ha":28.8,"mean_delta":-0.5443843841778672,"pixels":80,"metric":"nbr","before":"S2B_10TFK_20181106_0_L2A","after":"S2A_10TFK_20181211_0_L2A"},"geometry":{"type":"MultiPolygon","coordinates":[[[[-121.63031863849496,39.787054925974324],[-121.62821703390783,39.787030098695105],[-121.62822776901454,39.78648964588074],[-121.6275272402091,39.786481361824414],[-121.62750575875005,39.78756226708448],[-121.62610468009646,39.787545685658415],[-121.626115431927,39.787005233370834],[-121.62681596563077,39.78701352603947],[-121.62682671169337,39.78647307354095],[-121.6254256555317,39.78645648429259],[-121.62541489851326,39.78699693647497],[-121.62261276776148,39.78696370661953],[-121.62262354669153,39.78642325507042],[-121.62192302020803,39.786414937197094],[-121.62193380432505,39.78587448575358],[-121.62123328361017,39.785866163811754],[-121.6212224940154,39.78640661509665],[-121.6198214425035,39.786389958214535],[-121.61979984052908,39.78747085999069],[-121.61839876827094,39.78745418556467],[-121.61838795589041,39.78799463605557],[-121.61908849735188,39.78800297554113],[-121.61907769015795,39.788543426138034],[-121.61767659657016,39.78852674262168],[-121.61766577812786,39.78906719284769],[-121.61906688267251,39.789083876682],[-121.61905607489555,39.78962432717303],[-121.61695440208057,39.789599294603306],[-121.6169435775759,39.79013974456434],[-121.61974583049405,39.79017311350476],[-121.61976743538223,39.789092212257934],[-121.62046798838333,39.789100543606374],[-121.62044639445247,39.790181445170745],[-121.62254808807474,39.790206414802775],[-121.62255886874954,39.78966596357121],[-121.62466054855281,39.78969089467908],[-121.62468207615859,39.788609991106966],[-121.62538262571681,39.78861829270464],[-121.6253933836058,39.788077840680984],[-121.62609392797584,39.78808613789309],[-121.62608317556521,39.78862659007486],[-121.62678372570369,39.78863488321763],[-121.62679447263594,39.78809443087781],[-121.62749501758593,39.78810271963516],[-121.6274735343884,39.7891836245778],[-121.6267729784815,39.789175335504524],[-121.62676223096942,39.789715787738515],[-121.6295644782498,39.78974891929769],[-121.62957520384714,39.78920846643232],[-121.63027576091223,39.78921673859539],[-121.63029720028189,39.78813583239064],[-121.628896108355,39.7881192844677],[-121.62890683856263,39.78757883160134],[-121.630307919533,39.78759537920893],[-121.63031863849496,39.787054925974324]],[[-121.62957520384714,39.78920846643232],[-121.62887464707134,39.7892001900417],[-121.62888537785793,39.788659737281144],[-121.62958592915511,39.78866801351405],[-121.62957520384714,39.78920846643232]],[[-121.62399229573644,39.7880612335747],[-121.62398152689074,39.788601685281854],[-121.62328097791338,39.78859337522929],[-121.62329175223745,39.78805292368051],[-121.62399229573644,39.7880612335747]]]]}},{"type":"Feature","id":33,"properties":{"patch_id":33,"area_ha":27.72,"mean_delta":-0.8195428034626969,"pixels":77,"metric":"nbr","before":"S2B_10TFK_20181106_0_L2A","after":"S2A_10TFK_20181211_0_L2A"},"geometry":{"type":"MultiPolygon","coordinates":[[[[-121.57081156416984,39.75065900742313],[-121.57011141561637,39.750650383222585],[-121.57013376593997,39.74956949761548],[-121.56943362862268,39.749560869522405],[-121.56942244814425,39.75010131218805],[-121.56872230566115,39.75009267970912],[-121.56869993286465,39.75117356455199],[-121.56799977974819,39.75116492752242],[-121.56798858742965,39.75170536969956],[-121.56868874601386,39.75171400689378],[-121.56867755886135,39.752254449182466],[-121.56797739480926,39.75224581182361],[-121.567966201887,39.752786253894556],[-121.56656586375247,39.752768966182224],[-121.56657706761081,39.75222852444081],[-121.56587690446472,39.75221987441687],[-121.56585448550975,39.753300757516826],[-121.56445413825237,39.75328344414388],[-121.56444291738484,39.75382388528418],[-121.56374273874172,39.75381522209982],[-121.5637315121031,39.754355663021855],[-121.56303132829436,39.75434699545038],[-121.56302009588438,39.7548874361541],[-121.56231990691,39.75487876419534],[-121.56228619145594,39.756500085491815],[-121.56438680850755,39.75652609018886],[-121.5643755858241,39.75706653101044],[-121.56507579758267,39.757075190963235],[-121.5650645800659,39.757615631896755],[-121.56716523356424,39.75764158691541],[-121.5671876354797,39.756560704005814],[-121.56648742828318,39.75655205688506],[-121.56649863425685,39.75601161551542],[-121.56789903801388,39.756028905205],[-121.56788784297832,39.7565693469042],[-121.56858805077889,39.75657798558027],[-121.56859924034534,39.7560375437164],[-121.56929944297859,39.756046178005526],[-121.56932181026848,39.75496529378935],[-121.57002200226563,39.75497392352721],[-121.5700331799895,39.754433481174964],[-121.56933299346099,39.75442485160159],[-121.56934417635193,39.75388440936076],[-121.57074453877335,39.75390166395656],[-121.57077805282732,39.75228033592877],[-121.57007788787054,39.75227171123505],[-121.57008906408723,39.75173126861733],[-121.56938890489975,39.751722639866365],[-121.56940008628281,39.75118219736002],[-121.5708003940236,39.751199450311425],[-121.57081156416984,39.75065900742313]],[[-121.56867755886135,39.752254449182466],[-121.56937772321515,39.752263082319615],[-121.56935535894124,39.75334396706681],[-121.56865518365117,39.753335333600525],[-121.56867755886135,39.752254449182466]],[[-121.56302009588438,39.7548874361541],[-121.56372028516174,39.75489610389079],[-121.56370905791755,39.75543654470658],[-121.5630088631715,39.75542787680468],[-121.56302009588438,39.7548874361541]],[[-121.56864399559353,39.75387577572991],[-121.5686328072341,39.75441621780618],[-121.56653225036453,39.754390291087816],[-121.56654345512935,39.75384984950571],[-121.56864399559353,39.75387577572991]]]]}},{"type":"Feature","id":8,"properties":{"patch_id":8,"area_ha":25.2,"mean_delta":-0.8275827345901604,"pixels":70,"metric":"nbr","before":"S2B_10TFK_20181106_0_L2A","after":"S2A_10TFK_20181211_0_L2A"},"geometry":{"type":"MultiPolygon","coordinates":[[[[-121.56172386540877,39.783522036702024],[-121.56032290828168,39.783504662576895],[-121.56034543779238,39.782423787741166],[-121.55894450378578,39.78240639737365],[-121.55895577903745,39.78186596020747],[-121.56035670209192,39.78188335024358],[-121.56036796608765,39.78134291269286],[-121.55966750988433,39.7813342199535],[-121.559678779052,39.78079378251528],[-121.5589783286284,39.78078508571568],[-121.55898960296771,39.78024464839007],[-121.55758871398417,39.78022724244491],[-121.55759999897026,39.77968680539786],[-121.55549868420452,39.77966066528473],[-121.55550998531203,39.77912022868271],[-121.5548095531415,39.77911150702646],[-121.55482085941928,39.778571070537474],[-121.55412043302883,39.77856234482189],[-121.55409780921795,39.77964321741408],[-121.55479824655878,39.779651943462255],[-121.55478693967103,39.7801923798449],[-121.55408649685485,39.78018365363043],[-121.55407518418659,39.7807240897936],[-121.55477563247831,39.780732816174385],[-121.55476432498061,39.781273252450696],[-121.555464779053,39.78128197477185],[-121.55547608107503,39.780741538329295],[-121.55617652997661,39.78075025625834],[-121.55618782621822,39.7802098195965],[-121.55688826994893,39.78021853313359],[-121.55684310505734,39.782380280126304],[-121.5561426394235,39.78237156592493],[-121.556131341963,39.78291200237416],[-121.55332946057187,39.78287710264246],[-121.55331814090154,39.783417538373406],[-121.55471909193959,39.783434997024344],[-121.55470778291675,39.78397543303485],[-121.5540073017687,39.78396670565617],[-121.55399598696425,39.78450714144721],[-121.55469647358886,39.78451586899218],[-121.55468516395591,39.78505630489635],[-121.5553856563623,39.78506502838114],[-121.55537435190115,39.78560546439838],[-121.55817634648209,39.78564031673652],[-121.55818762903566,39.7850998800551],[-121.55888812296519,39.785108582407254],[-121.55889939973765,39.784568145506825],[-121.55959988849457,39.784576843466674],[-121.55961115948622,39.78403640634735],[-121.56171261115065,39.78406247437127],[-121.56172386540877,39.783522036702024]]]]}},{"type":"Feature","id":107,"properties":{"patch_id":107,"area_ha":23.04,"mean_delta":-0.7231617617548866,"pixels":64,"metric":"nbr","before":"S2B_10TFK_20181106_0_L2A","after":"S2A_10TFK_20181211_0_L2A"},"geometry":{"type":"MultiPolygon","coordinates":[[[[-121.5384758733684,39.723227285085414],[-121.53707615156289,39.72320965247091],[-121.53708757389222,39.72266921501864],[-121.53638771891104,39.722660392553806],[-121.53639914639189,39.722119955216534],[-121.53569929717837,39.72211112870286],[-121.53572216213432,39.72103025420523],[-121.53432248646936,39.721012589200406],[-121.53433392940308,39.72047215220858],[-121.53503376162226,39.72048098665098],[-121.5350680721958,39.71885967485089],[-121.53436825635288,39.71885084091377],[-121.53437969805245,39.71831040370907],[-121.53367988797648,39.718301565723905],[-121.53369133482586,39.7177611286345],[-121.53439113944351,39.71776996645116],[-121.53440258052606,39.71722952914003],[-121.53300298251574,39.71721184962744],[-121.53299153051684,39.71775228660149],[-121.53229172651665,39.71774344035211],[-121.5322802687507,39.718283877104284],[-121.53158045960116,39.71827502646982],[-121.5315689960678,39.718815463000034],[-121.53086918176895,39.71880660798031],[-121.5308921194432,39.71772573520431],[-121.53159192282537,39.71773458988639],[-121.53161484834659,39.716653716559854],[-121.53091505588051,39.71664486221542],[-121.53090358781648,39.717185298736474],[-121.53020379020165,39.71717644000696],[-121.53015789301976,39.71933818488334],[-121.53085771246793,39.71934704428846],[-121.53084624285768,39.71988748054339],[-121.53154606807382,39.71989633590077],[-121.53155753222536,39.719355899477016],[-121.53295717266744,39.71937359720434],[-121.53294571943334,39.719914033965495],[-121.53364554557643,39.719922876672854],[-121.53363409749238,39.7204633135494],[-121.53293426589042,39.72045447067346],[-121.53292281203866,39.72099490732818],[-121.53082330270931,39.720968352893564],[-121.5308118321712,39.72150878898881],[-121.5301119908873,39.721499928908024],[-121.53010051458062,39.72204036478113],[-121.53289990340855,39.722075780478],[-121.53287699354301,39.72315665341494],[-121.53497657116496,39.723183171920226],[-121.53496513214819,39.72372360881444],[-121.53566499743238,39.72373244005022],[-121.53564212939354,39.724813314015734],[-121.53634200590609,39.72482214137083],[-121.53635343461957,39.72428170424639],[-121.5370533059802,39.724290527215835],[-121.53704188272683,39.7248309645085],[-121.53844163729224,39.7248485981315],[-121.53845304962536,39.72430816050267],[-121.53775317764882,39.724299345967935],[-121.5377645951342,39.72375890845395],[-121.53846446165075,39.72376772282064],[-121.5384758733684,39.723227285085414]],[[-121.53436825635288,39.71885084091377],[-121.53435681434482,39.71939127806525],[-121.53365699335178,39.719382439743086],[-121.53366844081846,39.71884200276011],[-121.53436825635288,39.71885084091377]]]]}},{"type":"Feature","id":17,"properties":{"patch_id":17,"area_ha":20.88,"mean_delta":-0.9725814292340452,"pixels":58,"metric":"nbr","before":"S2B_10TFK_20181106_0_L2A","after":"S2A_10TFK_20181211_0_L2A"},"geometry":{"type":"MultiPolygon","coordinates":[[[[-121.56954107483445,39.77821289443976],[-121.5660389414134,39.778169668117116],[-121.56605015948324,39.77762922887211],[-121.56324848009184,39.77759457241452],[-121.56325971975824,39.777054133776886],[-121.56255930614273,39.77704545926417],[-121.5625368155571,39.77812633615568],[-121.56183639129523,39.778117657086796],[-121.56181388854603,39.77919853343494],[-121.56041301903247,39.77918116195851],[-121.56040175625196,39.77972159972182],[-121.55970131647548,39.779712907479436],[-121.55971258473127,39.77917246988179],[-121.55901215073402,39.7791637735794],[-121.55898960296771,39.78024464839007],[-121.56039049316769,39.78026203743196],[-121.56037922977957,39.780802475088976],[-121.56388148797171,39.78084587456868],[-121.56389272398164,39.780305436084575],[-121.56459317105421,39.78031410313754],[-121.56458194051996,39.78085454178684],[-121.56738375374083,39.780889168399945],[-121.56742858645286,39.77872741084453],[-121.56882945107397,39.77874469747747],[-121.56880705722396,39.77982557702033],[-121.56950750093833,39.77983421432754],[-121.56954107483445,39.77821289443976]],[[-121.5660389414134,39.778169668117116],[-121.56602772304095,39.778710107308996],[-121.56532729178883,39.778701449202785],[-121.56533851563634,39.77816101017591],[-121.5660389414134,39.778169668117116]]]]}},{"type":"Feature","id":26,"properties":{"patch_id":26,"area_ha":20.88,"mean_delta":-0.9220402248985378,"pixels":58,"metric":"nbr","before":"S2B_10TFK_20181106_0_L2A","after":"S2A_10TFK_20181211_0_L2A"},"geometry":{"type":"MultiPolygon","coordinates":[[[[-121.56923233386955,39.75928882937968],[-121.56783186327146,39.75927155460365],[-121.56784305981675,39.75873111316997],[-121.5671428304404,39.75872246961259],[-121.56713162842532,39.7592629108815],[-121.56573115963955,39.75924561076899],[-121.56575358524648,39.75816472883755],[-121.56505336224656,39.75815607277718],[-121.56504214412467,39.758696513604484],[-121.56434191595767,39.75868785315648],[-121.56435313954918,39.75814741249426],[-121.5636529171545,39.75813874798878],[-121.5636416880934,39.75867918848584],[-121.56294146053197,39.75867051959257],[-121.56293022569827,39.75921095987129],[-121.56222999297009,39.759202286590074],[-121.56219627024076,39.76082360661151],[-121.56289651937902,39.76083228038868],[-121.56288528333323,39.761372720454894],[-121.56358553824487,39.76138139017438],[-121.56357430736652,39.7619218303527],[-121.56427456805154,39.761930496014315],[-121.5642633423409,39.762470936304695],[-121.56356307618523,39.76246227047791],[-121.56354061291393,39.763543150568964],[-121.56424089001133,39.76355181672609],[-121.56425211632748,39.763011376541954],[-121.56495238825673,39.763020038310614],[-121.56494116741149,39.76356047865984],[-121.56634172311962,39.763577789857266],[-121.56635293302294,39.76303734917807],[-121.5656526604886,39.76302869585601],[-121.56566387556039,39.762488255288616],[-121.5670644099898,39.76250555737973],[-121.56707561381778,39.76196511642946],[-121.56777587601512,39.7619737609754],[-121.56779827182368,39.76089287858601],[-121.5691987752424,39.760910154349894],[-121.56920996175315,39.760369712746254],[-121.5685097153631,39.76036107714042],[-121.56852090704226,39.759820635648275],[-121.56922114796217,39.75982927108953],[-121.56923233386955,39.75928882937968]],[[-121.56289651937902,39.76083228038868],[-121.56290775512181,39.76029184026934],[-121.56360799909292,39.76030050965833],[-121.56359676882033,39.7608409499429],[-121.56289651937902,39.76083228038868]]]]}},{"type":"Feature","id":4,"properties":{"patch_id":4,"area_ha":19.8,"mean_delta":-0.724357960194879,"pixels":55,"metric":"nbr","before":"S2B_10TFK_20181106_0_L2A","after":"S2A_10TFK_20181211_0_L2A"},"geometry":{"type":"MultiPolygon","coordinates":[[[[-121.61913172321235,39.785841172624195],[-121.61773068440435,39.78582449069748],[-121.61774150109582,39.785284040153826],[-121.61704098760693,39.785275693009055],[-121.61703016543795,39.78581614339364],[-121.61282705777526,39.78576597080407],[-121.61283791280916,39.785225521375644],[-121.61213740136684,39.78521714464267],[-121.6121156800511,39.78629804312726],[-121.6128162024485,39.78630642017952],[-121.6127944909165,39.787387318771586],[-121.6134950245624,39.787395691915954],[-121.61347332281534,39.78847659061534],[-121.61207223390386,39.788459839460934],[-121.61206137163454,39.78900028841195],[-121.6113608221399,39.78899190633399],[-121.61134995409908,39.78953235507231],[-121.61064939941913,39.7895239686071],[-121.61066027293842,39.788983520028616],[-121.60925917541554,39.78896673473558],[-121.60927005959816,39.788426286423984],[-121.60856951675537,39.78841788759641],[-121.60855862709447,39.78895833574794],[-121.60785807906711,39.7889499325329],[-121.60784718363398,39.78949038047131],[-121.60714663042212,39.78948197286865],[-121.60713572921652,39.79002242059387],[-121.61344076799934,39.79009793826722],[-121.6134516198974,39.78955748910287],[-121.61415217574918,39.789565858658015],[-121.61417386771024,39.78848495985149],[-121.61557495837754,39.788501685641705],[-121.61558579296275,39.78796123584025],[-121.61628633325665,39.78796959223504],[-121.6162971620715,39.7874291422214],[-121.61769823257926,39.78744584201082],[-121.61770905014609,39.786905391625965],[-121.6184095803598,39.78691373502083],[-121.61842039215698,39.786373284424045],[-121.61912091718449,39.78638162343283],[-121.61913172321235,39.785841172624195]]]]}},{"type":"Feature","id":95,"properties":{"patch_id":95,"area_ha":18.36,"mean_delta":-0.8013197821235116,"pixels":51,"metric":"nbr","before":"S2B_10TFK_20181106_0_L2A","after":"S2A_10TFK_20181211_0_L2A"},"geometry":{"type":"MultiPolygon","coordinates":[[[[-121.56927006240679,39.72361093471515],[-121.56857018795012,39.72360230607869],[-121.56859254091813,39.72252141614925],[-121.5657930897866,39.72248686074674],[-121.5657818916136,39.72302730507918],[-121.56648175940381,39.72303595042053],[-121.56645937307218,39.724116839255785],[-121.5657594943617,39.724108193584776],[-121.56577069313865,39.72356774935853],[-121.56437094754413,39.723550445693924],[-121.56438215693917,39.72301000174447],[-121.56368229005528,39.72300134375112],[-121.56363742882047,39.725163118570016],[-121.56433731754535,39.72517177722365],[-121.56431489603473,39.726252664644605],[-121.56221519800347,39.72622667503983],[-121.562203970412,39.726767118175154],[-121.56290387491408,39.72677578575979],[-121.5628926524809,39.72731622900725],[-121.56359256274663,39.72732489253918],[-121.5636037797188,39.726784449126555],[-121.56430368482597,39.72679310827542],[-121.5642700493857,39.728414438849235],[-121.56496997117884,39.728423094275236],[-121.56498117783323,39.72788265063873],[-121.5656810944672,39.72789130168168],[-121.56569229535818,39.72735085782714],[-121.56639220683294,39.72735950448718],[-121.56640340196084,39.7268190604147],[-121.5671033082764,39.726827702691985],[-121.5670921186096,39.72736814692923],[-121.56919185574944,39.727394048947424],[-121.56920302903289,39.72685360421636],[-121.56780321489367,39.72683634075136],[-121.56781439879776,39.72629589629635],[-121.56711449764146,39.72628725840165],[-121.56712568670476,39.725746814058205],[-121.56782558240029,39.72575545178822],[-121.56783676570124,39.725215007227],[-121.56713687546637,39.72520636966166],[-121.56714806392628,39.72466592521203],[-121.56784794870065,39.72467456261269],[-121.56785913139849,39.72413411794528],[-121.56925889093095,39.72415137976472],[-121.56927006240679,39.72361093471515]],[[-121.56640340196084,39.7268190604147],[-121.56570349594712,39.7268104139195],[-121.56571469623405,39.72626996995876],[-121.5664145967868,39.72627861628911],[-121.56640340196084,39.7268190604147]],[[-121.56643698553319,39.725197727878644],[-121.56642579131092,39.72573817211043],[-121.56572589621898,39.72572952594492],[-121.56573709590188,39.72518908187797],[-121.56643698553319,39.725197727878644]]]]}},{"type":"Feature","id":65,"properties":{"patch_id":65,"area_ha":17.28,"mean_delta":-0.9947193405453895,"pixels":48,"metric":"nbr","before":"S2B_10TFK_20181106_0_L2A","after":"S2A_10TFK_20181211_0_L2A"},"geometry":{"type":"MultiPolygon","coordinates":[[[[-121.53758187841824,39.732405902293195],[-121.53478206592415,39.73237059188463],[-121.53477062166245,39.732911027874174],[-121.53337070634184,39.732893347021545],[-121.53338216152815,39.73235291136904],[-121.52988240594634,39.73230863625589],[-121.52984795752472,39.73392994052148],[-121.53124789160393,39.73394766423591],[-121.53123641910275,39.7344880992225],[-121.53193639206916,39.7344969549204],[-121.53194785910763,39.73395651976498],[-121.53264782692057,39.7339653710753],[-121.53263636534481,39.73450580639946],[-121.5333363389295,39.734514653659666],[-121.53332488250756,39.73505508909927],[-121.53262490345999,39.7350462416704],[-121.53260197876305,39.73612711205259],[-121.53330196873681,39.73613595981878],[-121.53329051138799,39.7366763950987],[-121.53399050713399,39.736685238814395],[-121.53400195901949,39.73614480336588],[-121.53470194961102,39.736153642693886],[-121.53469050318883,39.7366940783109],[-121.53539049955234,39.73670291358823],[-121.53540194051119,39.73616247780277],[-121.53610193171988,39.736171308692555],[-121.53612480178582,39.73509043662532],[-121.53752476327563,39.73510808507463],[-121.53753618692024,39.73456764862476],[-121.53683621148411,39.734558826677755],[-121.53684764028347,39.73401839034285],[-121.5361476706183,39.73400956434524],[-121.53615910457206,39.733469128125385],[-121.53685906877458,39.73347795395475],[-121.53687049695753,39.73293751751341],[-121.53757045600578,39.7329463389559],[-121.53758187841824,39.732405902293195]],[[-121.5333363389295,39.734514653659666],[-121.53334779504254,39.73397421816685],[-121.53404776347347,39.73398306103961],[-121.53403631282315,39.734523496701016],[-121.5333363389295,39.734514653659666]],[[-121.5354477012615,39.73400073412883],[-121.53541338116152,39.73562204196411],[-121.53401341059619,39.73560436786415],[-121.53402486186407,39.7350639323092],[-121.53472484152938,39.73507277130019],[-121.53474773221316,39.733991899693606],[-121.5354477012615,39.73400073412883]]]]}},{"type":"Feature","id":21,"properties":{"patch_id":21,"area_ha":16.56,"mean_delta":-0.9945469815139435,"pixels":46,"metric":"nbr","before":"S2B_10TFK_20181106_0_L2A","after":"S2A_10TFK_20181211_0_L2A"},"geometry":{"type":"MultiPolygon","coordinates":[[[[-121.57029742550789,39.77551932532987],[-121.56889662537598,39.7755020575742],[-121.5689078200361,39.77496161740444],[-121.56820742589727,39.77495297735352],[-121.56819622576293,39.775493417358625],[-121.56679542744321,39.775476124251945],[-121.56680663852603,39.774935684576434],[-121.56540585236435,39.77491837489905],[-121.56541707409289,39.77437793550031],[-121.56471668694003,39.77436927448908],[-121.56470545973745,39.774909713722764],[-121.56400506741339,39.77490104832142],[-121.5640275324637,39.77382017013124],[-121.56542829551876,39.77383749604846],[-121.56543951664197,39.77329705654348],[-121.56473914043679,39.77328839586238],[-121.56475036673096,39.772747956469345],[-121.56685147983347,39.7727739253432],[-121.56687389867305,39.77169304540789],[-121.56617353828314,39.77168439367114],[-121.5661847527226,39.7711439537887],[-121.5647840437967,39.77112663797146],[-121.5647728184109,39.771667077523865],[-121.56337209974977,39.77164974447832],[-121.56332715139052,39.77381150083531],[-121.56262677062048,39.773802827314476],[-121.56258179551511,39.775964582160135],[-121.56398260115117,39.775981926299075],[-121.56397136756556,39.77652236520821],[-121.56467177631262,39.77653103110502],[-121.56466054789864,39.777071470126195],[-121.5653609624232,39.777080131962784],[-121.56537218536253,39.77653969277653],[-121.567473414328,39.77656565243922],[-121.56748462054112,39.7760252127051],[-121.56888543041391,39.77604249769085],[-121.5688742351499,39.7765829377544],[-121.5702750571797,39.77660020616827],[-121.57029742550789,39.77551932532987]],[[-121.56398260115117,39.775981926299075],[-121.56399383443377,39.77544148733681],[-121.56539463033309,39.77545881424467],[-121.56538340799918,39.775999253537165],[-121.56398260115117,39.775981926299075]]]]}},{"type":"Feature","id":54,"properties":{"patch_id":54,"area_ha":16.2,"mean_delta":-0.7295112042011761,"pixels":45,"metric":"nbr","before":"S2B_10TFK_20181106_0_L2A","after":"S2A_10TFK_20181211_0_L2A"},"geometry":{"type":"MultiPolygon","coordinates":[[[[-121.5668906530014,39.73709613411992],[-121.56619064289991,39.73708748871169],[-121.56616824086733,39.738168374785694],[-121.56336815977178,39.73813374963836],[-121.56335693644576,39.73867419193564],[-121.5647569873171,39.73869151327866],[-121.564745774617,39.739231955853015],[-121.56264568237101,39.73920596701358],[-121.56262322327655,39.7402868510121],[-121.56192318220435,39.740278179295544],[-121.56193441736758,39.73973773748815],[-121.5612343820629,39.73972906171711],[-121.56121190050423,39.74080994494799],[-121.56051185457345,39.74080126462621],[-121.56052310096905,39.74026082320279],[-121.55982306080624,39.740252138826605],[-121.55980055678219,39.74133302128919],[-121.56050060787454,39.74134170599648],[-121.56048936087234,39.741882147313646],[-121.56468970658062,39.74193416792817],[-121.5647009207927,39.741393725619346],[-121.56540097400504,39.741402380786305],[-121.56541218244982,39.7408619382594],[-121.56681227885133,39.74087923560334],[-121.5668906530014,39.73709613411992]],[[-121.56615703939792,39.73870881774303],[-121.56614583762648,39.73924926064728],[-121.56544580597063,39.73924061036003],[-121.5654570132064,39.738700167620685],[-121.56615703939792,39.73870881774303]]]]}},{"type":"Feature","id":50,"properties":{"patch_id":50,"area_ha":15.84,"mean_delta":-0.9773243900379562,"pixels":44,"metric":"nbr","before":"S2B_10TFK_20181106_0_L2A","after":"S2A_10TFK_20181211_0_L2A"},"geometry":{"type":"MultiPolygon","coordinates":[[[[-121.53668760904372,39.74158449418923],[-121.53598756288656,39.74157566583579],[-121.53599900115783,39.74103523036093],[-121.5338988809316,39.74100872048645],[-121.53391033528796,39.74046828546373],[-121.53461036959015,39.74047712613986],[-121.53462181817326,39.73993669089538],[-121.53392178933538,39.739927850387765],[-121.53393324307397,39.73938741525861],[-121.53113315266953,39.739352011706494],[-121.53112167707422,39.73989244616077],[-121.53042164978224,39.739883584554896],[-121.53044461159155,39.73880271593096],[-121.52974459553731,39.73879385044346],[-121.52968716137043,39.741496020758994],[-121.5345874714977,39.74155799646915],[-121.5345760219884,39.74209843155395],[-121.53037572244817,39.742045321163936],[-121.53036423984055,39.74258575518308],[-121.53176434938007,39.742603475864115],[-121.53175287739288,39.743143910167845],[-121.53315299909995,39.74316161430615],[-121.53314153773384,39.74370204889413],[-121.53454167160773,39.74371973648905],[-121.53455312204336,39.74317930156389],[-121.5338530604172,39.7431704600451],[-121.53386451600917,39.74263002523527],[-121.53596468541863,39.74265653662584],[-121.53597612430683,39.74211610125742],[-121.53667617592886,39.74212492977916],[-121.53668760904372,39.74158449418923]]]]}},{"type":"Feature","id":100,"properties":{"patch_id":100,"area_ha":14.76,"mean_delta":-0.7388697219533621,"pixels":41,"metric":"nbr","before":"S2B_10TFK_20181106_0_L2A","after":"S2A_10TFK_20181211_0_L2A"},"geometry":{"type":"MultiPolygon","coordinates":[[[[-121.55803832992153,39.72509369750628],[-121.55663855823002,39.72507630006424],[-121.55664982859656,39.724535858094356],[-121.55734970883005,39.72454455875829],[-121.55736097343241,39.72400411656939],[-121.55666109865915,39.72399541607133],[-121.55667236841789,39.72345497399518],[-121.5545727623022,39.72342884769456],[-121.5545840481368,39.72288840606337],[-121.55528391107798,39.72289711888146],[-121.5552951911485,39.72235667703101],[-121.5517959067859,39.72231307159944],[-121.55178459941668,39.72285351261853],[-121.55108473799854,39.722844778714226],[-121.55107342486457,39.72338521951366],[-121.55387289420543,39.72342013049302],[-121.55386160260649,39.72396057190487],[-121.55176198376348,39.723934394497256],[-121.55175067547952,39.72447483535689],[-121.55315043199053,39.72449229151217],[-121.55313913432225,39.725032732651464],[-121.55243925045404,39.72502400651619],[-121.55241664328248,39.726104888302615],[-121.55521622426706,39.72613976886824],[-121.55520494206715,39.72668021034669],[-121.55660474530697,39.72669762565511],[-121.55662728755962,39.72561674198101],[-121.55802707017217,39.725634139754725],[-121.55803832992153,39.72509369750628]],[[-121.55594994866692,39.72452715321291],[-121.55593867284004,39.72506759501684],[-121.55523878775415,39.72505888575185],[-121.55525006904139,39.724518444113976],[-121.55594994866692,39.72452715321291]],[[-121.55523878775415,39.72505888575185],[-121.55522750616271,39.72559932733662],[-121.5545276159205,39.725590613687935],[-121.55453890297245,39.7250501722693],[-121.55523878775415,39.72505888575185]]]]}},{"type":"Feature","id":125,"properties":{"patch_id":125,"area_ha":14.04,"mean_delta":-0.5394552484897848,"pixels":39,"metric":"nbr","before":"S2B_10TFK_20181106_0_L2A","after":"S2A_10TFK_20181211_0_L2A"},"geometry":{"type":"MultiPolygon","coordinates":[[[[-121.5547081722345,39.71694354461299],[-121.55330856736347,39.71692610998184],[-121.55328598025062,39.71800699369533],[-121.55258616735513,39.71799826972258],[-121.55259746652224,39.71745782805871],[-121.55189765938984,39.71744910003584],[-121.55188635476433,39.717989541533285],[-121.55118654247833,39.7179808091275],[-121.55119785256224,39.71744036779655],[-121.55049804603958,39.717431631340844],[-121.55048673049731,39.71797207250522],[-121.5497869188214,39.71796333166644],[-121.54980956051745,39.71688244961782],[-121.5491097600634,39.716873704896],[-121.54908710745076,39.717954586611164],[-121.54838729638554,39.71794583733941],[-121.54840995991472,39.71686495595787],[-121.54771016007159,39.71685620280341],[-121.54769882300158,39.717396643353894],[-121.54629921331616,39.71737912406203],[-121.54628786502377,39.717919564225305],[-121.54768748562586,39.71793708385118],[-121.54767614794443,39.718477524295324],[-121.54977559751549,39.718503772611015],[-121.54975295398782,39.71958465434069],[-121.55045278203973,39.719593395679446],[-121.55044146527695,39.720133836631206],[-121.55324080237047,39.720168760484604],[-121.55325209729732,39.719628318867],[-121.55465175675404,39.71964575516024],[-121.55468560695502,39.718024428991306],[-121.55398579345064,39.718015713451585],[-121.55399708170091,39.71747527145516],[-121.55469688974688,39.717483986828725],[-121.5547081722345,39.71694354461299]]]]}},{"type":"Feature","id":43,"properties":{"patch_id":43,"area_ha":12.96,"mean_delta":-0.7371567325525192,"pixels":36,"metric":"nbr","before":"S2B_10TFK_20181106_0_L2A","after":"S2A_10TFK_20181211_0_L2A"},"geometry":{"type":"MultiPolygon","coordinates":[[[[-121.56183328999035,39.744601711842286],[-121.56043312131152,39.74458435310251],[-121.56042187248933,39.74512479410091],[-121.55972178313901,39.74511610823468],[-121.55973303742707,39.74457566740185],[-121.5590329538461,39.744566977480666],[-121.55904421329637,39.74402653676037],[-121.56114444855244,39.74405259336566],[-121.56116693374908,39.74297171077227],[-121.560466865958,39.74296302978858],[-121.56047811356684,39.742422588577675],[-121.55977805154438,39.74241390353927],[-121.55978930431502,39.7418734624408],[-121.55908924806116,39.741864773347835],[-121.5590779898254,39.74240521428067],[-121.55697780649068,39.74237912118384],[-121.55696653155556,39.742919561566126],[-121.55626646558666,39.742910855260874],[-121.55625518488208,39.743451295424066],[-121.55765532805468,39.74346870414617],[-121.55764405797694,39.74400914458806],[-121.55834413548477,39.74401784278442],[-121.55832160534904,39.745098723840435],[-121.55692142877427,39.745081322563884],[-121.55691015231871,39.74562176268048],[-121.55621005902145,39.74561305554538],[-121.55619877679567,39.74615349544284],[-121.55829907399806,39.7461796046839],[-121.55831033982545,39.74563916428875],[-121.55901043403462,39.74564785876188],[-121.55899917367336,39.74618829932278],[-121.56109947452073,39.74621435791494],[-121.56111071848349,39.745673916857314],[-121.56181081390643,39.74568259444775],[-121.56183328999035,39.744601711842286]]]]}},{"type":"Feature","id":124,"properties":{"patch_id":124,"area_ha":12.96,"mean_delta":-0.8134937234002422,"pixels":36,"metric":"nbr","before":"S2B_10TFK_20181106_0_L2A","after":"S2A_10TFK_20181211_0_L2A"},"geometry":{"type":"MultiPolygon","coordinates":[[[[-121.58626581619515,39.71408866615128],[-121.58556603281238,39.71408014166094],[-121.58555499228443,39.71462059142652],[-121.58485520374161,39.71461206255746],[-121.58486624972736,39.7140716129545],[-121.5834666844509,39.71405454289326],[-121.58345562754957,39.71459499217074],[-121.58415541549658,39.7146035294722],[-121.58414436375504,39.71514397885943],[-121.58484415745798,39.71515251210739],[-121.58483311087652,39.7156929616043],[-121.5834335128525,39.71567589056662],[-121.58338927988038,39.71783768672198],[-121.58408910057713,39.717846225000144],[-121.58406699321971,39.71892712308521],[-121.58336716160521,39.718918584481465],[-121.58335610202028,39.71945903328165],[-121.58265626524489,39.719450490298215],[-121.58263413426175,39.72053138741373],[-121.58333398195579,39.72053993072293],[-121.58334504213715,39.71999948202881],[-121.58474472750098,39.72001655567048],[-121.58473367823844,39.72055700469013],[-121.58543352682672,39.720565535348115],[-121.58544457062987,39.72002508616584],[-121.58614441405656,39.72003361244418],[-121.58615545210262,39.719493163046295],[-121.58545561413526,39.71948463693052],[-121.58547770025262,39.718403738300815],[-121.58617752730191,39.718412264091484],[-121.58626581619515,39.71408866615128]],[[-121.58483311087652,39.7156929616043],[-121.58553291033539,39.71570149079858],[-121.58552186891433,39.71624194040509],[-121.58482206399722,39.716233411048165],[-121.58483311087652,39.7156929616043]],[[-121.5855108271955,39.71678238995855],[-121.58549978517897,39.717322839459],[-121.58410015380878,39.71730577587805],[-121.58411120674238,39.716765326702955],[-121.5855108271955,39.71678238995855]]]]}},{"type":"Feature","id":53,"properties":{"patch_id":53,"area_ha":12.6,"mean_delta":-0.5733658631414488,"pixels":35,"metric":"nbr","before":"S2B_10TFK_20181106_0_L2A","after":"S2A_10TFK_20181211_0_L2A"},"geometry":{"type":"MultiPolygon","coordinates":[[[[-121.58372417667522,39.73568101627651],[-121.58302417576012,39.735672472624884],[-121.5830020377938,39.73675336688382],[-121.58160201500435,39.736736266270626],[-121.58159093464553,39.73727671299452],[-121.58089091823501,39.7372681561956],[-121.58086874569267,39.738349049157996],[-121.5794686919121,39.738331922248555],[-121.57945759426373,39.738872368323676],[-121.5801576264688,39.73888093405154],[-121.58011325474139,39.74104271847465],[-121.57941320067742,39.7410341520936],[-121.5794021015326,39.74157459790344],[-121.57870204230284,39.74156602713891],[-121.57869093739343,39.74210647273231],[-121.5793910020884,39.74211504366021],[-121.57937990234493,39.74265548936393],[-121.58007997280464,39.74266405623491],[-121.5800910670827,39.74212361036787],[-121.58079113237623,39.74213217285527],[-121.58080222088992,39.74159172677196],[-121.58150228101718,39.741600284875936],[-121.5815133637667,39.741059838576426],[-121.58221341872775,39.74106839229716],[-121.58222449571345,39.740527945781544],[-121.58292454550823,39.74053649511918],[-121.5829356167304,39.73999604838756],[-121.58153552836917,39.73997894581827],[-121.58154661022212,39.73943849935964],[-121.58294668765397,39.73945560160286],[-121.58296882860549,39.73837470787437],[-121.58226880066915,39.73836615918863],[-121.58227987616137,39.73782571240778],[-121.58297989863345,39.737834260930555],[-121.58299096836288,39.737293813933704],[-121.58369098566939,39.73730235807397],[-121.58372417667522,39.73568101627651]]]]}},{"type":"Feature","id":89,"properties":{"patch_id":89,"area_ha":11.88,"mean_delta":-0.7095812777000622,"pixels":33,"metric":"nbr","before":"S2B_10TFK_20181106_0_L2A","after":"S2A_10TFK_20181211_0_L2A"},"geometry":{"type":"MultiPolygon","coordinates":[[[[-121.58461211668396,39.72650194040612],[-121.58181248505961,39.726467768437715],[-121.5818235594441,39.72592732065291],[-121.58322336373759,39.72594441474711],[-121.58323442690174,39.72540396658336],[-121.58183463352995,39.72538687281503],[-121.58184570731721,39.72484642492413],[-121.58044592606124,39.72482931461091],[-121.5804348413526,39.7253697621756],[-121.58113473729192,39.725378319604204],[-121.58112365774521,39.725918767279],[-121.58042375634507,39.72591020968724],[-121.58041267103864,39.726450657145826],[-121.58111257789976,39.726459214900736],[-121.58110149775548,39.72699966246943],[-121.57970167341,39.7269825424153],[-121.57969058204442,39.727522989604545],[-121.58039049952897,39.727531551903866],[-121.58037941332572,39.72807199920331],[-121.57967949037975,39.72806343674076],[-121.579668398416,39.72860388382392],[-121.58106825553,39.72862100485724],[-121.58103501061518,39.73024234676763],[-121.58243490169568,39.7302594519062],[-121.58245704342326,39.72917855670015],[-121.5831569784875,39.72918710261582],[-121.58317910809761,39.72810620687172],[-121.58387903253688,39.72811474824336],[-121.58390115003078,39.72703385196146],[-121.58460106384548,39.72704238878937],[-121.58461211668396,39.72650194040612]],[[-121.58106825553,39.72862100485724],[-121.58107933657064,39.72808055744768],[-121.58247918395672,39.72809766128189],[-121.58246811383925,39.72863810901754],[-121.58106825553,39.72862100485724]]]]}},{"type":"Feature","id":140,"properties":{"patch_id":140,"area_ha":11.52,"mean_delta":-0.8415339365313289,"pixels":32,"metric":"nbr","before":"S2B_10TFK_20181106_0_L2A","after":"S2A_10TFK_20181211_0_L2A"},"geometry":{"type":"MultiPolygon","coordinates":[[[[-121.56947109746952,39.713882914744836],[-121.56877132127195,39.71387428906909],[-121.56878249248331,39.713333843175334],[-121.56668318207073,39.713307941346],[-121.56669436935273,39.71276749589303],[-121.56739413373153,39.71277613388734],[-121.56740531525473,39.71223568821657],[-121.56670555633305,39.71222705038695],[-121.56671674301175,39.71168660482779],[-121.56601698984868,39.7116779629472],[-121.56602818168258,39.71113751749973],[-121.56392894037496,39.711111567058886],[-121.56390652366414,39.712192456911154],[-121.56460628137842,39.712201111603704],[-121.56459507802677,39.712741556615214],[-121.56389531485543,39.712732901757654],[-121.56388410574448,39.71327334655104],[-121.56528364330369,39.713290652380294],[-121.56527244480526,39.71383109745055],[-121.56387289633126,39.71381379129132],[-121.56385047659808,39.71489468061258],[-121.56455026159925,39.71490333613022],[-121.5645390567371,39.715443780876214],[-121.56523884749818,39.71545243234267],[-121.5652500469025,39.714911987431734],[-121.56664961841484,39.71492927738639],[-121.5666719944871,39.71384838674589],[-121.56737176978059,39.7138570250696],[-121.56736058735284,39.714397470581105],[-121.56806036840541,39.71440610485345],[-121.56804919113387,39.7149465504765],[-121.56874897794553,39.714955180697324],[-121.56876014975937,39.71441473490975],[-121.56945993141454,39.71442336074997],[-121.56947109746952,39.713882914744836]],[[-121.56528364330369,39.713290652380294],[-121.56529484150018,39.71275020725695],[-121.56599460527556,39.7127588536829],[-121.56598341253633,39.71329929897109],[-121.56528364330369,39.713290652380294]]]]}},{"type":"Feature","id":137,"properties":{"patch_id":137,"area_ha":10.8,"mean_delta":-0.6917757709911189,"pixels":30,"metric":"nbr","before":"S2B_10TFK_20181106_0_L2A","after":"S2A_10TFK_20181211_0_L2A"},"geometry":{"type":"MultiPolygon","coordinates":[[[[-121.62904946579755,39.70973654757278],[-121.6283497136522,39.709728281694325],[-121.62833900866461,39.71026874170326],[-121.62693949432601,39.710252196983724],[-121.6269073448875,39.71187357574689],[-121.62620757177967,39.711865296589885],[-121.62619684926467,39.712405755914],[-121.62689662783005,39.71241403522888],[-121.62688591048364,39.712954494657986],[-121.62548634272655,39.7129379314963],[-121.62547561417543,39.71347839055671],[-121.62477582527286,39.71347010249358],[-121.62476509097442,39.714010561343066],[-121.62406529690334,39.714002268905574],[-121.6240545568573,39.71454272754407],[-121.62335475761766,39.71453443073205],[-121.62333326574011,39.715615347533976],[-121.62263345587353,39.715607046189014],[-121.62261195191965,39.71668796246279],[-121.6233117727035,39.71669626412433],[-121.6233225193667,39.7161558058556],[-121.6240223349816,39.71616410314221],[-121.62404381652169,39.715083186129675],[-121.62474362150923,39.715091478883394],[-121.62475435638656,39.71455102013967],[-121.62545415620527,39.714559308518865],[-121.62546488533499,39.714018849564226],[-121.62616467998484,39.71402713356906],[-121.62614323235256,39.71510805174136],[-121.62544342678623,39.71509976742061],[-121.62543269707787,39.7156402262695],[-121.62683231941661,39.71565679101027],[-121.62687519284825,39.71349495403419],[-121.62757498261824,39.71350322944853],[-121.62758569479574,39.71296276991453],[-121.6282854793967,39.71297104095488],[-121.62829618582762,39.712430581210306],[-121.62759640668443,39.71242231032765],[-121.62760711828426,39.71188185068789],[-121.62830689196988,39.71189012141285],[-121.62832830338837,39.71080920165934],[-121.62902806644789,39.71081746785302],[-121.62904946579755,39.70973654757278]]]]}},{"type":"Feature","id":138,"properties":{"patch_id":138,"area_ha":10.8,"mean_delta":-0.7249129260249243,"pixels":30,"metric":"nbr","before":"S2B_10TFK_20181106_0_L2A","after":"S2A_10TFK_20181211_0_L2A"},"geometry":{"type":"MultiPolygon","coordinates":[[[[-121.603126124613,39.71104926512824],[-121.60172660943074,39.71103241623592],[-121.60170478267547,39.7121133237856],[-121.60030524684147,39.71209645738707],[-121.60029432210763,39.71263691076087],[-121.599594549175,39.71262847107682],[-121.59958361868905,39.71316892423673],[-121.59888384059363,39.71316048017571],[-121.59885103099383,39.714781838854556],[-121.59815123681983,39.71477339009421],[-121.5981184081911,39.716394747812984],[-121.59881821873985,39.716403197056614],[-121.59884009387075,39.71532229164155],[-121.59953989379777,39.71533073634661],[-121.59955082546271,39.714790283398585],[-121.60025062022638,39.71479872372634],[-121.60026154613857,39.71425827056443],[-121.60166112563358,39.71427513824935],[-121.60165021063737,39.714815591732865],[-121.60235000628441,39.71482401941165],[-121.60237182506668,39.71374311207028],[-121.60307161009202,39.71375153521152],[-121.60310431968657,39.71213017332043],[-121.60240455103396,39.71212175066098],[-121.60241545910144,39.71158129675195],[-121.60311522229678,39.71158971925082],[-121.603126124613,39.71104926512824]]]]}},{"type":"Feature","id":114,"properties":{"patch_id":114,"area_ha":10.08,"mean_delta":-0.8826129775963663,"pixels":28,"metric":"nbr","before":"S2B_10TFK_20181106_0_L2A","after":"S2A_10TFK_20181211_0_L2A"},"geometry":{"type":"MultiPolygon","coordinates":[[[[-121.56659367295464,39.71763150305848],[-121.56519404686097,39.717614211455476],[-121.56520524747327,39.717073766756926],[-121.5645054403378,39.717065114795595],[-121.56449423426707,39.71760555932919],[-121.56379442197535,39.71759690298639],[-121.56373835979477,39.72029912403258],[-121.56303852051116,39.720290462647604],[-121.56302730170871,39.720830906532406],[-121.56232745726835,39.72082224076531],[-121.56229378266724,39.722443571605346],[-121.56299364348631,39.7224522378681],[-121.56298242347378,39.722992681540454],[-121.56368229005528,39.72300134375112],[-121.56369350460794,39.72246089991363],[-121.56439336603198,39.7224695577419],[-121.56440457482252,39.721929113686244],[-121.56300486319633,39.721911794142635],[-121.5630160826038,39.72137135036407],[-121.56371593280613,39.7213800120793],[-121.56372714645161,39.720839568082496],[-121.56582668249393,39.7208655274308],[-121.5658378794592,39.72032508288594],[-121.56513803926894,39.72031643415175],[-121.56514924139145,39.719775989718705],[-121.56584907612252,39.71978463828801],[-121.56587146854346,39.718703748932825],[-121.56657129265857,39.71871239295566],[-121.56659367295464,39.71763150305848]]]]}},{"type":"Feature","id":112,"properties":{"patch_id":112,"area_ha":9.36,"mean_delta":-0.6414054343869489,"pixels":26,"metric":"nbr","before":"S2B_10TFK_20181106_0_L2A","after":"S2A_10TFK_20181211_0_L2A"},"geometry":{"type":"MultiPolygon","coordinates":[[[[-121.59662018789327,39.72124190406936],[-121.59592032909816,39.72123344072402],[-121.59593129130462,39.720692989164746],[-121.5952314382648,39.72068452176359],[-121.59524240563523,39.72014407031276],[-121.59314286466939,39.72011864329115],[-121.59312089687516,39.72119954517021],[-121.59242103955954,39.7211910607387],[-121.5923990596608,39.72227196208223],[-121.59169919172174,39.72226347310979],[-121.59168819586779,39.72280392354023],[-121.59308794296244,39.722820897591326],[-121.59307695773244,39.72336134829234],[-121.59447671693245,39.72337830579688],[-121.59446574232705,39.723918756768214],[-121.59516562783145,39.723927229355695],[-121.59517659697643,39.72338677822282],[-121.5958764773162,39.7233952464312],[-121.5958874407051,39.72285479508389],[-121.59518756582564,39.72284632703696],[-121.59519853437908,39.7223058757981],[-121.59589840379842,39.72231434368358],[-121.59590936659608,39.721773892230296],[-121.59660923085104,39.721782355737],[-121.59662018789327,39.72124190406936]],[[-121.59449866525547,39.72229740369523],[-121.59448769124194,39.72283785477256],[-121.59378781695413,39.72282937829067],[-121.5937987964278,39.72228892737495],[-121.59449866525547,39.72229740369523]],[[-121.59519853437908,39.7223058757981],[-121.59449866525547,39.72229740369523],[-121.59450963897312,39.7217569525649],[-121.59520950263672,39.72176542450626],[-121.59519853437908,39.7223058757981]]]]}},{"type":"Feature","id":25,"properties":{"patch_id":25,"area_ha":8.64,"mean_delta":-0.7869948089017708,"pixels":24,"metric":"nbr","before":"S2B_10TFK_20181106_0_L2A","after":"S2A_10TFK_20181211_0_L2A"},"geometry":{"type":"MultiPolygon","coordinates":[[[[-121.56357430736652,39.7619218303527],[-121.56217378690532,39.76190448636015],[-121.56215130235707,39.762985365896284],[-121.56145103163983,39.76297668723453],[-121.5614285349367,39.7640575662273],[-121.56072825358089,39.76404888301127],[-121.56071699930308,39.76458932226246],[-121.56001671277961,39.76458063465744],[-121.56000545272691,39.76512107368991],[-121.55930516103584,39.76511238169574],[-121.55929389520796,39.765652820509395],[-121.55859359834926,39.7656441241259],[-121.55858232674592,39.76618456272067],[-121.55928262907622,39.76619325926992],[-121.55927136264063,39.766733697977294],[-121.56067197915625,39.76675107873586],[-121.5606832346483,39.766210639697206],[-121.56138353788978,39.76621932357525],[-121.56139478760659,39.765678884317964],[-121.56279538405636,39.76569623907205],[-121.56282909855832,39.76407491998906],[-121.5621288165959,39.76406624521989],[-121.5621400596281,39.763525805584656],[-121.56284033611946,39.76353448018848],[-121.56286281033248,39.762453600427946],[-121.56356307618523,39.76246227047791],[-121.56357430736652,39.7619218303527]]]]}},{"type":"Feature","id":101,"properties":{"patch_id":101,"area_ha":8.64,"mean_delta":-0.6203523824975566,"pixels":24,"metric":"nbr","before":"S2B_10TFK_20181106_0_L2A","after":"S2A_10TFK_20181211_0_L2A"},"geometry":{"type":"MultiPolygon","coordinates":[[[[-121.55175067547952,39.72447483535689],[-121.55105079768136,39.72446610095305],[-121.5510621114255,39.723925660259916],[-121.54966236766482,39.72390817913312],[-121.54965104300042,39.72444861949297],[-121.54825128954096,39.72443112116307],[-121.54823995365062,39.72497156113615],[-121.54684019049331,39.72495404560256],[-121.54682884337652,39.72549448518855],[-121.54472918455458,39.72546817975531],[-121.5447405480525,39.724927740670836],[-121.54334078795713,39.724910182962205],[-121.54331803881311,39.72599106040851],[-121.54541771217848,39.72601739164919],[-121.54540635352835,39.72655783079456],[-121.54610625072358,39.72656659960664],[-121.54611760391302,39.726026160294104],[-121.5496170671749,39.72606994025354],[-121.54962839275545,39.72552950005317],[-121.55032828086404,39.72553824322531],[-121.55033960067878,39.7249978028051],[-121.55173936689064,39.72501527616338],[-121.55175067547952,39.72447483535689]]]]}},{"type":"Feature","id":47,"properties":{"patch_id":47,"area_ha":8.28,"mean_delta":-0.5683056278222297,"pixels":23,"metric":"nbr","before":"S2B_10TFK_20181106_0_L2A","after":"S2A_10TFK_20181211_0_L2A"},"geometry":{"type":"MultiPolygon","coordinates":[[[[-121.61718413166211,39.74311206095314],[-121.61648404554806,39.743103717767646],[-121.61650566538816,39.742022809218334],[-121.61580559049722,39.74201446213049],[-121.61578395972559,39.74309537036156],[-121.61508387419478,39.743087018734855],[-121.61507305290547,39.74362747261178],[-121.61367287178756,39.743610756377905],[-121.6136837040088,39.743070302819625],[-121.61228353499132,39.74305357002201],[-121.61227269183814,39.743594023261295],[-121.61297278166673,39.74360239192993],[-121.61296194368721,39.74414284527582],[-121.61226184839256,39.74413447644764],[-121.61225100465451,39.74467492958105],[-121.6101507041271,39.74464979729301],[-121.61013984369751,39.74519024989437],[-121.61364037337093,39.74523211673509],[-121.6136512064686,39.74469166333562],[-121.61435130781395,39.744700023881656],[-121.61434048018269,39.74524047744049],[-121.61504058728644,39.74524883392497],[-121.61505140945131,39.74470838020685],[-121.61645161360141,39.74472508019467],[-121.61646242454187,39.74418462610526],[-121.61576232778724,39.744176278380905],[-121.61577314390226,39.74363582439769],[-121.61717332677075,39.74365251530745],[-121.61718413166211,39.74311206095314]]]]}},{"type":"Feature","id":104,"properties":{"patch_id":104,"area_ha":8.28,"mean_delta":-0.7995114770327041,"pixels":23,"metric":"nbr","before":"S2B_10TFK_20181106_0_L2A","after":"S2A_10TFK_20181211_0_L2A"},"geometry":{"type":"MultiPolygon","coordinates":[[[[-121.58605609897207,39.72435720571819],[-121.58535621186586,39.7243486781393],[-121.5853451656801,39.72488912689735],[-121.5839453814403,39.724872058761214],[-121.58395643854726,39.72433161032856],[-121.58465632505755,39.724340146342755],[-121.58468947820865,39.72271880023838],[-121.58188999948021,39.72268463283012],[-121.58187892688734,39.72322508093319],[-121.58117905249117,39.7232165283746],[-121.58115689548903,39.7242974240955],[-121.58255666642124,39.72431452564728],[-121.58254559839315,39.72485497375421],[-121.58324548976756,39.724863518366575],[-121.58323442690174,39.72540396658336],[-121.5839343240352,39.72541250714083],[-121.58392326633192,39.72595295546741],[-121.58532307241492,39.725970024254366],[-121.58533411919645,39.72542957560238],[-121.586034017224,39.725438103506434],[-121.58605609897207,39.72435720571819]]]]}},{"type":"Feature","id":129,"properties":{"patch_id":129,"area_ha":8.28,"mean_delta":-0.8496637644964907,"pixels":23,"metric":"nbr","before":"S2B_10TFK_20181106_0_L2A","after":"S2A_10TFK_20181211_0_L2A"},"geometry":{"type":"MultiPolygon","coordinates":[[[[-121.59178714788028,39.717939867758275],[-121.5896876768686,39.71791437942469],[-121.58970969569579,39.71683347852869],[-121.58900988353611,39.71682497430835],[-121.58902089796285,39.71628452394296],[-121.5897207046641,39.716293028001154],[-121.5897317133356,39.715752577420616],[-121.58903191209264,39.71574407352457],[-121.58904292592541,39.715203623053156],[-121.58974272171024,39.71521212678708],[-121.58977574505327,39.71359077456836],[-121.58837618652764,39.71357376385725],[-121.58833211114664,39.715735565412125],[-121.58763231049775,39.7157270530833],[-121.58758820852871,39.71788885314071],[-121.58898785379156,39.71790587488008],[-121.58897683847377,39.718446325086425],[-121.59037649584245,39.71846333028317],[-121.59036549114569,39.71900378076073],[-121.59106532573425,39.7190122771959],[-121.59107632497198,39.71847182655635],[-121.59177615439806,39.71848031861272],[-121.59178714788028,39.717939867758275]]]]}},{"type":"Feature","id":133,"properties":{"patch_id":133,"area_ha":8.28,"mean_delta":-0.5331372584087314,"pixels":23,"metric":"nbr","before":"S2B_10TFK_20181106_0_L2A","after":"S2A_10TFK_20181211_0_L2A"},"geometry":{"type":"MultiPolygon","coordinates":[[[[-121.5645390567371,39.715443780876214],[-121.56383926627811,39.715435125193544],[-121.56385047659808,39.71489468061258],[-121.56245090750272,39.71487735692895],[-121.56246212843574,39.71433691262517],[-121.56316190737456,39.714345576409855],[-121.56319555198631,39.71272424268432],[-121.56249578941956,39.712715579395194],[-121.56247334906624,39.713796468268285],[-121.56177357588747,39.71378780043285],[-121.56173989671544,39.715409132848386],[-121.56104010746645,39.71540046030096],[-121.56102887501241,39.7159409041679],[-121.56172866971933,39.715949576880675],[-121.56171744242052,39.71649002085985],[-121.5596180428343,39.71646398957646],[-121.5596067988581,39.7170044330062],[-121.56030660387539,39.71701311448252],[-121.56029536505434,39.71755355802467],[-121.56169498691465,39.717570908658864],[-121.56170621481894,39.717030464785914],[-121.56310582697346,39.71704779822361],[-121.56311704365856,39.716507353967074],[-121.56381684473132,39.71651601419617],[-121.56382805565586,39.7159755697214],[-121.56452785157279,39.715984225569116],[-121.5645390567371,39.715443780876214]]]]}},{"type":"Feature","id":5,"properties":{"patch_id":5,"area_ha":7.92,"mean_delta":-0.9985309049158367,"pixels":22,"metric":"nbr","before":"S2B_10TFK_20181106_0_L2A","after":"S2A_10TFK_20181211_0_L2A"},"geometry":{"type":"MultiPolygon","coordinates":[[[[-121.6100032370868,39.78681333529172],[-121.60860218397566,39.786796542824],[-121.60859129519595,39.78733699113443],[-121.60719023230405,39.78732018143802],[-121.60720113203945,39.786779733447915],[-121.60650060651228,39.78677132241928],[-121.60651151143135,39.78623087453649],[-121.60511047221499,39.78621404011883],[-121.60509955634059,39.786754487680795],[-121.60580008127926,39.786762907163556],[-121.60577825960284,39.78784380244945],[-121.60507772370836,39.78783538264577],[-121.60506680695053,39.78837583004877],[-121.60436626587244,39.78836740585732],[-121.60433349739685,39.78998874726682],[-121.60503405491016,39.78999717193989],[-121.60504497255145,39.78945672469584],[-121.60714663042212,39.78948197286865],[-121.60717933227461,39.787860629375146],[-121.60928094348716,39.787885838059424],[-121.6092918270826,39.7873453896419],[-121.6099923592628,39.78735378392219],[-121.6100032370868,39.78681333529172]],[[-121.60506680695053,39.78837583004877],[-121.60576734832313,39.78838425001291],[-121.60575643674909,39.7889246975234],[-121.60505588989824,39.7889162773988],[-121.60506680695053,39.78837583004877]]]]}},{"type":"Feature","id":58,"properties":{"patch_id":58,"area_ha":7.92,"mean_delta":-0.6294686150839516,"pixels":22,"metric":"nbr","before":"S2B_10TFK_20181106_0_L2A","after":"S2A_10TFK_20181211_0_L2A"},"geometry":{"type":"MultiPolygon","coordinates":[[[[-121.61309198015263,39.737657401631274],[-121.61169192102254,39.73764066358362],[-121.61168107532872,39.738181117192724],[-121.61098104073784,39.738172741679556],[-121.6109701892869,39.73871319507606],[-121.60887007087696,39.738688042738005],[-121.60885920273915,39.73922849560206],[-121.60745911433493,39.73921170595703],[-121.60744823497434,39.73975215844808],[-121.60674818574738,39.739743757135415],[-121.60672641521585,39.74082466163829],[-121.60812653582343,39.74084146068402],[-121.60813741030569,39.74030100813881],[-121.6088374655843,39.740309401171324],[-121.60884833430828,39.73976894841318],[-121.61234858776986,39.73981084947449],[-121.61235942887627,39.739270395864615],[-121.61305947498137,39.73927876325706],[-121.61309198015263,39.737657401631274]],[[-121.61168107532872,39.738181117192724],[-121.61238111021204,39.738189488486015],[-121.61237026969035,39.738729942201786],[-121.61167022934238,39.738721570748886],[-121.61168107532872,39.738181117192724]]]]}},{"type":"Feature","id":61,"properties":{"patch_id":61,"area_ha":7.92,"mean_delta":-0.5565430313023891,"pixels":22,"metric":"nbr","before":"S2B_10TFK_20181106_0_L2A","after":"S2A_10TFK_20181211_0_L2A"},"geometry":{"type":"MultiPolygon","coordinates":[[[[-121.62224620720922,39.735063506744055],[-121.62014618954835,39.735038560293624],[-121.62013541088216,39.735579016077004],[-121.61943540011254,39.73557069199597],[-121.61941383098002,39.73665160308664],[-121.61871380957311,39.73664327446852],[-121.61872459974892,39.736102819108424],[-121.61732456873642,39.736086149531005],[-121.61731376763245,39.73662660457332],[-121.61801378845722,39.736634941630754],[-121.61795980589059,39.73933721684321],[-121.61865985432924,39.73934555047531],[-121.61867064596005,39.738805095379774],[-121.61937068922487,39.738813424633],[-121.61938147509994,39.73827296932579],[-121.61868143729983,39.73826464023133],[-121.61869222834859,39.73772418502999],[-121.62009229331058,39.73774083868148],[-121.62010307313952,39.73720038310974],[-121.62080310059223,39.73720870344711],[-121.6208246484496,39.73612779182765],[-121.62222468236966,39.73614441920911],[-121.62224620720922,39.735063506744055]]]]}},{"type":"Feature","id":86,"properties":{"patch_id":86,"area_ha":7.56,"mean_delta":-0.5852025725628841,"pixels":21,"metric":"nbr","before":"S2B_10TFK_20181106_0_L2A","after":"S2A_10TFK_20181211_0_L2A"},"geometry":{"type":"MultiPolygon","coordinates":[[[[-121.63012818705177,39.725966858131265],[-121.62802843842628,39.725942058962175],[-121.62800701083565,39.72702297575462],[-121.62730708428178,39.72701470061313],[-121.62729636459134,39.727555158772255],[-121.62659643286483,39.72754687925464],[-121.6265857074235,39.72808733720304],[-121.62588577052433,39.72807905330913],[-121.6258750393318,39.72861951104671],[-121.62517509726004,39.72861122277636],[-121.62515362308235,39.72969213777683],[-121.62585357607851,39.729700426363216],[-121.62583211166762,39.73078134146816],[-121.62653207587819,39.73078962615177],[-121.62655352936406,39.72970871073093],[-121.62795343680281,39.72972526681034],[-121.62796415218729,39.72918480870494],[-121.62726420378566,39.72917653293237],[-121.62727492434331,39.728636074931885],[-121.62797486728277,39.72864435054668],[-121.62798558208934,39.72810389233554],[-121.62868551985572,39.72811216357412],[-121.62870693767844,39.72703124667783],[-121.62940686481002,39.72703951338272],[-121.62941756782664,39.72649905469766],[-121.63011748978523,39.726507317026744],[-121.63012818705177,39.725966858131265]],[[-121.6258750393318,39.72861951104671],[-121.62657498169294,39.72862779509856],[-121.62656425567313,39.72916825294119],[-121.62586430784985,39.7291599687314],[-121.6258750393318,39.72861951104671]]]]}},{"type":"Feature","id":97,"properties":{"patch_id":97,"area_ha":7.56,"mean_delta":-0.860497385973156,"pixels":21,"metric":"nbr","before":"S2B_10TFK_20181106_0_L2A","after":"S2A_10TFK_20181211_0_L2A"},"geometry":{"type":"MultiPolygon","coordinates":[[[[-121.59583262080405,39.725557051290515],[-121.59513271862171,39.72554858243631],[-121.59515465839067,39.72446768043555],[-121.5944547674257,39.72445920768656],[-121.59443281673516,39.72554010936424],[-121.59303301385012,39.72552315056647],[-121.59305498638375,39.72444224953541],[-121.59235509630706,39.724433764133266],[-121.5923441047277,39.72497421451353],[-121.58954452554363,39.72494023008012],[-121.58953351182461,39.72548067975944],[-121.59163321215011,39.72550617489721],[-121.59161121658722,39.726587075068956],[-121.59231112821111,39.72659556533625],[-121.59232212067973,39.72605511511501],[-121.59442184094596,39.726080560123584],[-121.59438891180243,39.727701912083624],[-121.59508883553389,39.727710385801885],[-121.59507786402233,39.72825083651078],[-121.59577779351123,39.7282593061723],[-121.59579972531547,39.72717840437856],[-121.59509980674959,39.72716993503999],[-121.59511077766946,39.72662948422509],[-121.595810690774,39.72663795340221],[-121.59583262080405,39.725557051290515]]]]}},{"type":"Feature","id":87,"properties":{"patch_id":87,"area_ha":7.2,"mean_delta":-0.3891870668335932,"pixels":20,"metric":"nbr","before":"S2B_10TFK_20181106_0_L2A","after":"S2A_10TFK_20181211_0_L2A"},"geometry":{"type":"MultiPolygon","coordinates":[[[[-121.61956479048078,39.729085221007274],[-121.61886484555808,39.729076894611794],[-121.61887563166093,39.728536438510886],[-121.61817569249114,39.72852810805568],[-121.61818648376503,39.72798765206067],[-121.61678661722236,39.72797097881277],[-121.61677581502471,39.728511434489896],[-121.61397606358861,39.72847803673701],[-121.61395441462274,39.72955894665904],[-121.61465436296844,39.729567302743526],[-121.61464354350993,39.73010775778444],[-121.61604345200107,39.730124457615986],[-121.61605426053495,39.72958400225671],[-121.61675420975547,39.72959234568538],[-121.61676501253574,39.72905189011409],[-121.6174649565854,39.72906022916519],[-121.61744336165803,39.73014114057282],[-121.6181433169234,39.7301494757232],[-121.6181325244854,39.730689931506525],[-121.61883248550427,39.73069826259704],[-121.61885405916433,39.72961735065979],[-121.61955400954926,39.729625677214024],[-121.61956479048078,39.729085221007274]],[[-121.61465436296844,39.729567302743526],[-121.61466518213517,39.72902684764966],[-121.61536512531048,39.72903519935633],[-121.61535431160588,39.729575654609405],[-121.61465436296844,39.729567302743526]]]]}},{"type":"Feature","id":34,"properties":{"patch_id":34,"area_ha":6.48,"mean_delta":-0.8259055035416795,"pixels":18,"metric":"nbr","before":"S2B_10TFK_20181106_0_L2A","after":"S2A_10TFK_20181211_0_L2A"},"geometry":{"type":"MultiPolygon","coordinates":[[[[-121.53569005953594,39.75562696950203],[-121.5328893094628,39.75559159636241],[-121.53290077763103,39.75505116294552],[-121.53080023472857,39.755024589266405],[-121.53081171899242,39.75448415630279],[-121.5301115441125,39.754475290134955],[-121.53006558332461,39.75663702099395],[-121.53146597714229,39.756654750459504],[-121.53147745686664,39.756114317486684],[-121.53287784098525,39.756132029726075],[-121.53286637219841,39.756672463036494],[-121.53426676849175,39.756690158724886],[-121.53425531033344,39.75723059231937],[-121.53495551441263,39.75723943399883],[-121.53497841948258,39.75615856641959],[-121.53567861293291,39.756167403539926],[-121.53569005953594,39.75562696950203]],[[-121.53147745686664,39.756114317486684],[-121.53077726527167,39.75610545503391],[-121.53078875015497,39.755565022176775],[-121.53148893628136,39.75557388446063],[-121.53147745686664,39.756114317486684]]]]}},{"type":"Feature","id":74,"properties":{"patch_id":74,"area_ha":6.48,"mean_delta":-0.47463502490323695,"pixels":18,"metric":"nbr","before":"S2B_10TFK_20181106_0_L2A","after":"S2A_10TFK_20181211_0_L2A"},"geometry":{"type":"MultiPolygon","coordinates":[[[[-121.6117786760448,39.73331703280485],[-121.61107869062877,39.73330865872861],[-121.6111003873862,39.732227750823796],[-121.60970043928414,39.73221099065297],[-121.60971129814972,39.73167053694067],[-121.60901133000067,39.73166215068671],[-121.60898960105096,39.73274305773858],[-121.60828962226911,39.73273466694582],[-121.60830049235344,39.732194213606306],[-121.60760051932768,39.73218581875456],[-121.60755701537897,39.73434763115467],[-121.60825701025739,39.73435602664661],[-121.60824613900047,39.7348964797743],[-121.60964614056371,39.73491325842024],[-121.60965700089352,39.73437280497268],[-121.61035699665096,39.7343811878068],[-121.6103678512245,39.73384073414648],[-121.61176783269055,39.73385748683749],[-121.6117786760448,39.73331703280485]],[[-121.6103678512245,39.73384073414648],[-121.60826788122111,39.73381557346595],[-121.60827875189167,39.733275120232356],[-121.60967872067452,39.733291897918726],[-121.60968958012576,39.732751444312306],[-121.61038955949341,39.73275982666701],[-121.6103678512245,39.73384073414648]]]]}},{"type":"Feature","id":2,"properties":{"patch_id":2,"area_ha":6.12,"mean_delta":-0.37630997780738756,"pixels":17,"metric":"nbr","before":"S2B_10TFK_20181106_0_L2A","after":"S2A_10TFK_20181211_0_L2A"},"geometry":{"type":"MultiPolygon","coordinates":[[[[-121.57704539509889,39.78803556515458],[-121.5763448659213,39.788026971875524],[-121.57635600727401,39.78748653112068],[-121.5756554838747,39.78747793377838],[-121.5756666304045,39.78693749313428],[-121.57496611278343,39.786928891728934],[-121.57495496077603,39.787469332209106],[-121.57425443797818,39.78746072641284],[-121.57424328019223,39.78800116667593],[-121.57354275221768,39.78799255648858],[-121.5735315886529,39.788532996534485],[-121.57423212210533,39.788541606885914],[-121.57422096371742,39.789082047042804],[-121.57352042478696,39.7890734365273],[-121.57350926061991,39.78961387646701],[-121.57420980502849,39.789622487146595],[-121.57419864603857,39.7901629271973],[-121.57559974671528,39.79018013620251],[-121.57561089474856,39.78963969582387],[-121.57491034973812,39.78963109359889],[-121.57494380846781,39.788009772636194],[-121.5756443370442,39.78801837436939],[-121.57562204248116,39.78909925539214],[-121.57632258231415,39.78910785322595],[-121.57630029750479,39.79018873436403],[-121.57700084859485,39.79019732829814],[-121.57704539509889,39.78803556515458]]]]}},{"type":"Feature","id":128,"properties":{"patch_id":128,"area_ha":6.12,"mean_delta":-0.6465618514200187,"pixels":17,"metric":"nbr","before":"S2B_10TFK_20181106_0_L2A","after":"S2A_10TFK_20181211_0_L2A"},"geometry":{"type":"MultiPolygon","coordinates":[[[[-121.61352513125105,39.71603920109784],[-121.61212550903731,39.716022475809815],[-121.61214717616402,39.71494156419788],[-121.61144737641197,39.714933195548156],[-121.61140401915607,39.71709501792204],[-121.61070419786233,39.717086644417336],[-121.61069335235878,39.71762709971882],[-121.60999352589864,39.71761872183767],[-121.60998267464366,39.71815917692646],[-121.6106825065628,39.718167554967366],[-121.61067166047434,39.71870801016297],[-121.6113714981451,39.718716384146646],[-121.61136065722351,39.71925683944898],[-121.61206050064587,39.719265209375294],[-121.61207133610819,39.718724753913364],[-121.61347101291071,39.718741480795906],[-121.6134818371625,39.71820102496215],[-121.61208217127832,39.71818429839852],[-121.61210384074211,39.71710338721004],[-121.61280366262031,39.71711175228131],[-121.61281449145524,39.71657129644818],[-121.61351430816669,39.716579657143306],[-121.61352513125105,39.71603920109784]]]]}},{"type":"Feature","id":39,"properties":{"patch_id":39,"area_ha":5.76,"mean_delta":-0.6874552153403845,"pixels":16,"metric":"nbr","before":"S2B_10TFK_20181106_0_L2A","after":"S2A_10TFK_20181211_0_L2A"},"geometry":{"type":"MultiPolygon","coordinates":[[[[-121.56740039342165,39.74629230576971],[-121.56670029011195,39.74628366178012],[-121.56671149034499,39.745743219401405],[-121.5653112955644,39.74572591908962],[-121.56530008439888,39.74626636113854],[-121.56319977809723,39.746240378520234],[-121.56318855023027,39.74678082002076],[-121.56388865749457,39.74678948527947],[-121.5638774347913,39.74732992689206],[-121.56317732206048,39.747321261468144],[-121.56315486481249,39.748402144203595],[-121.5645551124437,39.74841947149104],[-121.56457754782477,39.74733858809502],[-121.56597777479912,39.747355897838105],[-121.5659889811028,39.74681545573046],[-121.56668908957684,39.746824104105706],[-121.56667788873968,39.74736454637821],[-121.56737800298235,39.74737319069733],[-121.56740039342165,39.74629230576971]]]]}},{"type":"Feature","id":42,"properties":{"patch_id":42,"area_ha":5.76,"mean_delta":-0.7230428199082682,"pixels":16,"metric":"nbr","before":"S2B_10TFK_20181106_0_L2A","after":"S2A_10TFK_20181211_0_L2A"},"geometry":{"type":"MultiPolygon","coordinates":[[[[-121.60527180966042,39.74351010443917],[-121.60457172305667,39.743501689343496],[-121.60458262633472,39.74296123786436],[-121.60388254549085,39.74295281870857],[-121.60387163674697,39.74349327002722],[-121.60317155073145,39.74348484649033],[-121.60316063622741,39.744025297595435],[-121.60246054504029,39.74401686967728],[-121.60244962477573,39.74455732056875],[-121.60174952841699,39.74454888826921],[-121.60173860239168,39.745089338946954],[-121.60243870421671,39.74509777140726],[-121.60242778336315,39.74563822219279],[-121.60312789094911,39.74564665059292],[-121.60311697526758,39.74618710148612],[-121.60381708861448,39.74619552582593],[-121.60380617810529,39.74673597682675],[-121.60450629721316,39.746744397106056],[-121.60452810700397,39.74566349473042],[-121.60382799882942,39.74565507477213],[-121.60383890875012,39.74511462366536],[-121.60523911446045,39.745131459040074],[-121.60525001315436,39.744591007559414],[-121.60454991561845,39.7445825921429],[-121.60456081948458,39.74404214076968],[-121.60526091155435,39.74405055602577],[-121.60527180966042,39.74351010443917]],[[-121.60316063622741,39.744025297595435],[-121.60386072770889,39.744033721292894],[-121.60384981837662,39.74457417250561],[-121.603149721429,39.74456574864756],[-121.60316063622741,39.744025297595435]]]]}},{"type":"Feature","id":60,"properties":{"patch_id":60,"area_ha":5.76,"mean_delta":-0.6681903906103366,"pixels":16,"metric":"nbr","before":"S2B_10TFK_20181106_0_L2A","after":"S2A_10TFK_20181211_0_L2A"},"geometry":{"type":"MultiPolygon","coordinates":[[[[-121.56412426436404,39.73544019914584],[-121.5620242877668,39.7354142011167],[-121.56201305502715,39.73595464334905],[-121.56131305797031,39.73594596873565],[-121.56130181946422,39.73648641074951],[-121.56200182198461,39.73649508552828],[-121.56199058863912,39.737035527654385],[-121.56129058065507,39.737026852710244],[-121.5612681021275,39.738107736472344],[-121.56196812103936,39.73811641174725],[-121.5619456522278,39.73919729562763],[-121.56264568237101,39.73920596701358],[-121.56266814025417,39.73812508280259],[-121.56336815977178,39.73813374963836],[-121.56337938279518,39.737593307287966],[-121.56267936874153,39.73758464061742],[-121.56269059692612,39.73704419837914],[-121.56409061440831,39.73706152717041],[-121.56410183136269,39.73652108454866],[-121.56340182793399,39.73651242242786],[-121.56341305004946,39.73597197991813],[-121.56411304801459,39.73598064187381],[-121.56412426436404,39.73544019914584]]]]}},{"type":"Feature","id":106,"properties":{"patch_id":106,"area_ha":5.76,"mean_delta":-0.4839235509534504,"pixels":16,"metric":"nbr","before":"S2B_10TFK_20181106_0_L2A","after":"S2A_10TFK_20181211_0_L2A"},"geometry":{"type":"MultiPolygon","coordinates":[[[[-121.576990923206,39.72262467749675],[-121.57489132357952,39.72259891909364],[-121.574880196386,39.72313936556254],[-121.57418032498369,39.72313077082964],[-121.57419145763724,39.72259032452461],[-121.57349159199515,39.72258172573825],[-121.5734804538816,39.723122171879346],[-121.57278058307986,39.72311356871166],[-121.57276943920583,39.723654014635656],[-121.57416919203,39.72367121708161],[-121.57414692522191,39.72475210942632],[-121.57554670108841,39.72476929565763],[-121.57553557815525,39.72530974207804],[-121.57623547199908,39.72531832903094],[-121.57627994009059,39.723156542376096],[-121.57697981239258,39.72316512445675],[-121.576990923206,39.72262467749675]]]]}},{"type":"Feature","id":122,"properties":{"patch_id":122,"area_ha":5.76,"mean_delta":-0.6307228877668918,"pixels":16,"metric":"nbr","before":"S2B_10TFK_20181106_0_L2A","after":"S2A_10TFK_20181211_0_L2A"},"geometry":{"type":"MultiPolygon","coordinates":[[[[-121.56304973901108,39.719750018709725],[-121.5623499054891,39.71974135327305],[-121.562394798299,39.717579577651215],[-121.56169498691465,39.717570908658864],[-121.56167253019774,39.718651796245425],[-121.56097270819897,39.718643122705856],[-121.56098394216745,39.7181026791045],[-121.56028412593024,39.718094001513705],[-121.56022792576375,39.72079621816211],[-121.56092776929572,39.72080489658015],[-121.56091653381252,39.72134533991592],[-121.56161638310684,39.721354014282376],[-121.56162761313063,39.720813570781225],[-121.56232745726835,39.72082224076531],[-121.56233868153005,39.720281797045736],[-121.56303852051116,39.720290462647604],[-121.56304973901108,39.719750018709725]],[[-121.56165007226977,39.719732683619554],[-121.56163884285158,39.720273127226946],[-121.56093900447596,39.720264453191255],[-121.56095023935322,39.71972400974924],[-121.56165007226977,39.719732683619554]]]]}},{"type":"Feature","id":123,"properties":{"patch_id":123,"area_ha":5.4,"mean_delta":-0.9978595760801058,"pixels":15,"metric":"nbr","before":"S2B_10TFK_20181106_0_L2A","after":"S2A_10TFK_20181211_0_L2A"},"geometry":{"type":"MultiPolygon","coordinates":[[[[-121.60716160283322,39.71920653133357],[-121.60576192038059,39.71918972822565],[-121.60577280497635,39.71864927420286],[-121.60507296964941,39.71864086648371],[-121.60508385941077,39.71810041256826],[-121.60438402983658,39.71809200079257],[-121.60436223910196,39.719172908249746],[-121.60366239890325,39.71916449193632],[-121.60364059607458,39.72024539886072],[-121.6050402986035,39.72026222791231],[-121.60502940766753,39.720802681615936],[-121.6043295507965,39.72079426903832],[-121.60431865410705,39.72133472252859],[-121.60571837906241,39.72135154378729],[-121.60572926483225,39.720811089976316],[-121.60642912229046,39.72081949411947],[-121.60645088203033,39.71973858601818],[-121.60715072886272,39.71974698562378],[-121.60716160283322,39.71920653133357]],[[-121.60576192038059,39.71918972822565],[-121.60575103549131,39.719730182195505],[-121.60505118924581,39.71972177415574],[-121.60506207959446,39.7191813203462],[-121.60576192038059,39.71918972822565]]]]}},{"type":"Feature","id":84,"properties":{"patch_id":84,"area_ha":5.04,"mean_delta":-0.512595457328543,"pixels":14,"metric":"nbr","before":"S2B_10TFK_20181106_0_L2A","after":"S2A_10TFK_20181211_0_L2A"},"geometry":{"type":"MultiPolygon","coordinates":[[[[-121.61255451880723,39.72954222183432],[-121.61185457133772,39.72953385309412],[-121.61186541235296,39.728993398637954],[-121.61116547063787,39.72898502583878],[-121.61115462416052,39.729525480135315],[-121.60975473068378,39.72950872156204],[-121.60974387298945,39.73004917548611],[-121.60904392122796,39.73004078971178],[-121.60903305777848,39.730581243423025],[-121.60973301500235,39.73058962935724],[-121.60972215672243,39.73113008317544],[-121.61042211970164,39.73113846505073],[-121.61041126659158,39.73167891897577],[-121.61181120435319,39.7316956703893],[-121.61182204653787,39.73115521614491],[-121.6111220829735,39.731146842707226],[-121.61113293032834,39.730606388569534],[-121.61253284682437,39.7306231309069],[-121.61255451880723,39.72954222183432]]]]}},{"type":"Feature","id":30,"properties":{"patch_id":30,"area_ha":4.68,"mean_delta":-0.6610039077470813,"pixels":13,"metric":"nbr","before":"S2B_10TFK_20181106_0_L2A","after":"S2A_10TFK_20181211_0_L2A"},"geometry":{"type":"MultiPolygon","coordinates":[[[[-121.53423239308971,39.75831145934864],[-121.53353217838125,39.7583026131097],[-121.53354364262684,39.75776217979029],[-121.53284343369678,39.75775332949764],[-121.53285490310225,39.75721289629369],[-121.53215469995058,39.75720404194749],[-121.53216617451562,39.75666360885907],[-121.53146597714229,39.756654750459504],[-121.53145449710836,39.75719518337907],[-121.53005409235291,39.75717745357559],[-121.53003110947978,39.75825831857913],[-121.53213174989205,39.75828490796463],[-121.53212027439858,39.75882534089333],[-121.53422093400428,39.758851892783426],[-121.53423239308971,39.75831145934864]]]]}},{"type":"Feature","id":70,"properties":{"patch_id":70,"area_ha":4.68,"mean_delta":-0.6992682368317484,"pixels":13,"metric":"nbr","before":"S2B_10TFK_20181106_0_L2A","after":"S2A_10TFK_20181211_0_L2A"},"geometry":{"type":"MultiPolygon","coordinates":[[[[-121.62997839906632,39.73353327785638],[-121.6292784060955,39.73352501347928],[-121.6292676993261,39.73406547147695],[-121.62786770332384,39.734048929749626],[-121.62784626706397,39.73512984495562],[-121.62714625856893,39.73512156744735],[-121.62713553454148,39.735662024813216],[-121.62783554850047,39.735670302479285],[-121.6278248296479,39.736210759950076],[-121.62922486936107,39.73622730293888],[-121.62923557728546,39.73568684515272],[-121.62993559211118,39.735695110160044],[-121.62997839906632,39.73353327785638]]]]}},{"type":"Feature","id":130,"properties":{"patch_id":130,"area_ha":4.68,"mean_delta":-0.849328361476921,"pixels":13,"metric":"nbr","before":"S2B_10TFK_20181106_0_L2A","after":"S2A_10TFK_20181211_0_L2A"},"geometry":{"type":"MultiPolygon","coordinates":[[[[-121.57012622977298,39.71605332056413],[-121.56802683568665,39.71602744156328],[-121.56798212117525,39.71818922309982],[-121.56728230191557,39.718180587675015],[-121.56727111707542,39.718721032761785],[-121.5693705921349,39.71874692687993],[-121.56940409662317,39.717125589979325],[-121.5701039058696,39.717134212425414],[-121.57012622977298,39.71605332056413]]]]}},{"type":"Feature","id":134,"properties":{"patch_id":134,"area_ha":4.68,"mean_delta":-0.35439204840846666,"pixels":13,"metric":"nbr","before":"S2B_10TFK_20181106_0_L2A","after":"S2A_10TFK_20181211_0_L2A"},"geometry":{"type":"MultiPolygon","coordinates":[[[[-121.54772149683595,39.71631576219978],[-121.54702170275654,39.716307004995976],[-121.5470330446731,39.71576656450615],[-121.54633325635741,39.71575780325317],[-121.5463446034259,39.71521736287721],[-121.54564482087389,39.71520859757521],[-121.545656173094,39.7146681573132],[-121.5449563963057,39.71465938796235],[-121.54496775367713,39.714118947814384],[-121.54356821193419,39.714101396799386],[-121.5435454750551,39.71518227637289],[-121.544945038628,39.71519982805716],[-121.54493368064405,39.715740268098784],[-121.54423389324668,39.715731494197414],[-121.54422252949864,39.71627193401858],[-121.54632190898296,39.716298243575956],[-121.54631056130255,39.71683868384558],[-121.54771016007159,39.71685620280341],[-121.54772149683595,39.71631576219978]]]]}},{"type":"Feature","id":72,"properties":{"patch_id":72,"area_ha":4.32,"mean_delta":-0.9886596449297661,"pixels":12,"metric":"nbr","before":"S2B_10TFK_20181106_0_L2A","after":"S2A_10TFK_20181211_0_L2A"},"geometry":{"type":"MultiPolygon","coordinates":[[[[-121.5648690976892,39.73328708461407],[-121.56346915608765,39.73326976657278],[-121.56350281607959,39.73164843792823],[-121.56420277034157,39.73165709856296],[-121.56421398427153,39.73111665541012],[-121.56281408697458,39.731099330252334],[-121.56276918574066,39.733261101223874],[-121.56206921569637,39.73325243165612],[-121.5620579841683,39.73379287410093],[-121.56135800896412,39.73378420014899],[-121.56134677167022,39.73432464237533],[-121.56204675233738,39.73433331649264],[-121.56203552020354,39.73487375883123],[-121.56273550663666,39.73488242889482],[-121.56275795967538,39.73380154383398],[-121.56485788801241,39.733827527719505],[-121.5648690976892,39.73328708461407]]]]}},{"type":"Feature","id":102,"properties":{"patch_id":102,"area_ha":4.32,"mean_delta":-0.9609966341769045,"pixels":12,"metric":"nbr","before":"S2B_10TFK_20181106_0_L2A","after":"S2A_10TFK_20181211_0_L2A"},"geometry":{"type":"MultiPolygon","coordinates":[[[[-121.53285408244192,39.724237526138985],[-121.53075447484099,39.72421096866662],[-121.53076594692567,39.72367053283752],[-121.53006608380375,39.72366167208105],[-121.53000869298587,39.7263638498496],[-121.53070858340868,39.72637271145075],[-121.53072005673081,39.72583227583457],[-121.53211982758346,39.72584998604634],[-121.53214275145855,39.72476911397901],[-121.53284262642802,39.724777962421165],[-121.53285408244192,39.724237526138985]]]]}},{"type":"Feature","id":118,"properties":{"patch_id":118,"area_ha":4.32,"mean_delta":-0.5763051436266249,"pixels":12,"metric":"nbr","before":"S2B_10TFK_20181106_0_L2A","after":"S2A_10TFK_20181211_0_L2A"},"geometry":{"type":"MultiPolygon","coordinates":[[[[-121.54203210075197,39.72056909915144],[-121.5413322654554,39.72056030687705],[-121.54134365349105,39.72001986815131],[-121.54064382396055,39.72001107182779],[-121.54063243046589,39.72055151038583],[-121.53993259578363,39.72054270967777],[-121.53995539338352,39.7194618328441],[-121.53925556992642,39.71945302825498],[-121.53919854632579,39.72215521910088],[-121.54129809950594,39.72218162273513],[-121.54130948846286,39.721641184168945],[-121.54060964255493,39.7216323873423],[-121.54062103666402,39.72109194889066],[-121.54202071786835,39.721109537991616],[-121.54203210075197,39.72056909915144]]]]}},{"type":"Feature","id":145,"properties":{"patch_id":145,"area_ha":4.32,"mean_delta":-0.3752406070342021,"pixels":12,"metric":"nbr","before":"S2B_10TFK_20181106_0_L2A","after":"S2A_10TFK_20181211_0_L2A"},"geometry":{"type":"MultiPolygon","coordinates":[[[[-121.55064512032784,39.71040589136701],[-121.54854591542721,39.71037966320315],[-121.54852325922984,39.711460545860525],[-121.54782351396062,39.71145179437481],[-121.54780084562786,39.71253267648582],[-121.54710108975065,39.71252392045071],[-121.54707840928128,39.71360480201519],[-121.54847794316969,39.71362231053737],[-121.54848927264293,39.713081869447905],[-121.54918903458827,39.71309061721846],[-121.54920035829902,39.712550175909044],[-121.54850060181072,39.71254142830527],[-121.548511930673,39.712000987109484],[-121.54921168170442,39.712009734546456],[-121.54923432759934,39.71092885166184],[-121.55063380875121,39.71094633322236],[-121.55064512032784,39.71040589136701]]]]}},{"type":"Feature","id":146,"properties":{"patch_id":146,"area_ha":4.32,"mean_delta":-0.6787444026719284,"pixels":12,"metric":"nbr","before":"S2B_10TFK_20181106_0_L2A","after":"S2A_10TFK_20181211_0_L2A"},"geometry":{"type":"MultiPolygon","coordinates":[[[[-121.53450553638815,39.71236559094539],[-121.53310603661143,39.71234791446622],[-121.53311748552288,39.711807476960004],[-121.53171799789429,39.71178978395597],[-121.5317294574101,39.71124934673388],[-121.53032998193046,39.71123163720566],[-121.53031851150165,39.7117720740901],[-121.53101825454341,39.71178093113077],[-121.53100678926195,39.71232136813085],[-121.53030704076356,39.71231251092131],[-121.53028409835949,39.713393384424045],[-121.53168361749292,39.71341109530294],[-121.5317065380695,39.71233022112485],[-121.53240628718605,39.712339069903315],[-121.53239483250907,39.71287950718769],[-121.53449409808167,39.71290602873541],[-121.53450553638815,39.71236559094539]]]]}},{"type":"Feature","id":57,"properties":{"patch_id":57,"area_ha":3.96,"mean_delta":-0.702697186642522,"pixels":11,"metric":"nbr","before":"S2B_10TFK_20181106_0_L2A","after":"S2A_10TFK_20181211_0_L2A"},"geometry":{"type":"MultiPolygon","coordinates":[[[[-121.55916804721113,39.738081685330336],[-121.55846802951254,39.73807299317724],[-121.55847929078368,39.73753255198506],[-121.55707926722557,39.737515155351936],[-121.55703417660574,39.739676918475276],[-121.55773421008945,39.73968561956502],[-121.55771167388468,39.7407665011396],[-121.55841171860142,39.74077519834116],[-121.55845676793773,39.7386134343163],[-121.55915679110038,39.738622126635086],[-121.55916804721113,39.738081685330336]]]]}},{"type":"Feature","id":62,"properties":{"patch_id":62,"area_ha":3.96,"mean_delta":-0.5002776040834586,"pixels":11,"metric":"nbr","before":"S2B_10TFK_20181106_0_L2A","after":"S2A_10TFK_20181211_0_L2A"},"geometry":{"type":"MultiPolygon","coordinates":[[[[-121.59139119570101,39.73739606512424],[-121.58929113485041,39.73737055929118],[-121.58930215510539,39.73683011077825],[-121.58860214088008,39.736821600556915],[-121.58859111516108,39.73736204890759],[-121.58789109576907,39.73735353430442],[-121.58790212695209,39.73681308611605],[-121.58720211332158,39.736804567455664],[-121.58719107667456,39.73734501548164],[-121.58649105787768,39.737336492439276],[-121.58646897276223,39.73841738800716],[-121.58786903251055,39.73843443052207],[-121.58788006428856,39.73789398243976],[-121.5913801915414,39.737936514070356],[-121.59139119570101,39.73739606512424]]]]}},{"type":"Feature","id":94,"properties":{"patch_id":94,"area_ha":3.96,"mean_delta":-0.7567227544814012,"pixels":11,"metric":"nbr","before":"S2B_10TFK_20181106_0_L2A","after":"S2A_10TFK_20181211_0_L2A"},"geometry":{"type":"MultiPolygon","coordinates":[[[[-121.56358134547203,39.72786533589869],[-121.5614815991992,39.7278393321533],[-121.5614928328574,39.727298889289536],[-121.5586931972466,39.72726415923878],[-121.55868194174379,39.727804601440425],[-121.56008176986505,39.7278219752329],[-121.56005927979439,39.728902860139286],[-121.56075920523267,39.72891154103949],[-121.56077044495817,39.72837109844736],[-121.56217028582095,39.72838844726246],[-121.56215905701839,39.72892889018534],[-121.56285898336553,39.72893755843098],[-121.5628702067066,39.72839711534284],[-121.5635701278949,39.728405779205104],[-121.56358134547203,39.72786533589869]]]]}},{"type":"Feature","id":36,"properties":{"patch_id":36,"area_ha":3.6,"mean_delta":-0.8977349343868525,"pixels":10,"metric":"nbr","before":"S2B_10TFK_20181106_0_L2A","after":"S2A_10TFK_20181211_0_L2A"},"geometry":{"type":"MultiPolygon","coordinates":[[[[-121.56104325015828,39.74891656240619],[-121.5603431222393,39.74890787960204],[-121.56035437318523,39.748367438975556],[-121.55965425103658,39.748358752115834],[-121.55964299462377,39.74889919257674],[-121.5589428673118,39.74889050133027],[-121.55895412919152,39.74835006103505],[-121.55825400765016,39.74834136573318],[-121.55823147265309,39.74942224593901],[-121.55753134048169,39.749413546084426],[-121.55750879333462,39.75049442574603],[-121.5582089364405,39.75050312593226],[-121.55822020469876,39.74996268596221],[-121.55962048088738,39.74998007333913],[-121.55963173790738,39.74943963298448],[-121.56103200437596,39.74945700314506],[-121.56104325015828,39.74891656240619]]]]}},{"type":"Feature","id":51,"properties":{"patch_id":51,"area_ha":3.6,"mean_delta":-0.38355224644444175,"pixels":10,"metric":"nbr","before":"S2B_10TFK_20181106_0_L2A","after":"S2A_10TFK_20181211_0_L2A"},"geometry":{"type":"MultiPolygon","coordinates":[[[[-121.61370536757497,39.74198939554426],[-121.61160514728167,39.74196429097412],[-121.61159429924768,39.74250474415969],[-121.61089422093585,39.74249636736911],[-121.61088336714351,39.74303682034205],[-121.60948320046656,39.743020053779794],[-121.60947233544968,39.74356050638015],[-121.61017242410765,39.74356889193141],[-121.61016156426383,39.744109344638694],[-121.61156175339033,39.74412610339874],[-121.61158345092112,39.74304519729232],[-121.61228353499132,39.74305357002201],[-121.6122943778521,39.74251311672978],[-121.61369453593794,39.74252984920841],[-121.61370536757497,39.74198939554426]]]]}},{"type":"Feature","id":75,"properties":{"patch_id":75,"area_ha":3.6,"mean_delta":-0.564163528771499,"pixels":10,"metric":"nbr","before":"S2B_10TFK_20181106_0_L2A","after":"S2A_10TFK_20181211_0_L2A"},"geometry":{"type":"MultiPolygon","coordinates":[[[[-121.58379055063185,39.73243833124951],[-121.58309058249564,39.7324297885751],[-121.58307951545252,39.732970236049326],[-121.58097959644687,39.73294458222399],[-121.58096851271657,39.73348502915612],[-121.58306844811098,39.73351068347052],[-121.58305738047098,39.734051130838665],[-121.58095742868738,39.73402547603518],[-121.5809463443593,39.73456592286122],[-121.5837463025207,39.734600121479666],[-121.58379055063185,39.73243833124951]]]]}},{"type":"Feature","id":90,"properties":{"patch_id":90,"area_ha":3.6,"mean_delta":-0.6613542043077303,"pixels":10,"metric":"nbr","before":"S2B_10TFK_20181106_0_L2A","after":"S2A_10TFK_20181211_0_L2A"},"geometry":{"type":"MultiPolygon","coordinates":[[[[-121.54397244950302,39.728161596630436],[-121.54257262449234,39.72814402847737],[-121.54258400590571,39.72760359016105],[-121.53978438141263,39.727568403910226],[-121.53977297815503,39.728108841555745],[-121.54047288927846,39.72811764461307],[-121.54046149117455,39.728658082373215],[-121.54116140806654,39.72866688138034],[-121.5411500151166,39.729207319255046],[-121.54184993777716,39.7292161142118],[-121.54186132526574,39.72867567616946],[-121.54396107870518,39.72870203522851],[-121.54397244950302,39.728161596630436]]]]}},{"type":"Feature","id":117,"properties":{"patch_id":117,"area_ha":3.6,"mean_delta":-0.693170363464324,"pixels":10,"metric":"nbr","before":"S2B_10TFK_20181106_0_L2A","after":"S2A_10TFK_20181211_0_L2A"},"geometry":{"type":"MultiPolygon","coordinates":[[[[-121.56091653381252,39.72134533991592],[-121.56021668482117,39.72133666133241],[-121.56022792576375,39.72079621816211],[-121.5588282396093,39.7207788486751],[-121.55881698774795,39.72131929151425],[-121.55811713966638,39.72131060027961],[-121.55812839698706,39.720770157606154],[-121.5574285546684,39.720761462320255],[-121.55740602880459,39.721842347282475],[-121.55950558942774,39.72186842148352],[-121.55949434241926,39.72240886438207],[-121.56089406193728,39.72242622642814],[-121.56091653381252,39.72134533991592]]]]}},{"type":"Feature","id":127,"properties":{"patch_id":127,"area_ha":3.6,"mean_delta":-0.503046734813634,"pixels":10,"metric":"nbr","before":"S2B_10TFK_20181106_0_L2A","after":"S2A_10TFK_20181211_0_L2A"},"geometry":{"type":"MultiPolygon","coordinates":[[[[-121.57846834866172,39.71885869618441],[-121.57776851943699,39.7188501238462],[-121.577779622395,39.718309676298226],[-121.57707979892857,39.71830109990675],[-121.57709090704591,39.717760652469245],[-121.5763910893377,39.71775207202465],[-121.57640220261412,39.71721162469768],[-121.57570239066415,39.717203040200154],[-121.57565791392537,39.71936482853499],[-121.57845725086332,39.71939914384277],[-121.57846834866172,39.71885869618441]]]]}},{"type":"Feature","id":135,"properties":{"patch_id":135,"area_ha":3.6,"mean_delta":-0.3873042534447089,"pixels":10,"metric":"nbr","before":"S2B_10TFK_20181106_0_L2A","after":"S2A_10TFK_20181211_0_L2A"},"geometry":{"type":"MultiPolygon","coordinates":[[[[-121.55053199083582,39.71581030752877],[-121.54983220099253,39.71580156735658],[-121.5498548402467,39.714720684882714],[-121.54915506162405,39.71471194082778],[-121.54914373669193,39.71525238192457],[-121.548443952917,39.71524363348684],[-121.54845528330674,39.71470319255685],[-121.54775550529493,39.71469444006992],[-121.54776684083662,39.71415399925365],[-121.54706706858792,39.71414524271768],[-121.5470330446731,39.71576656450615],[-121.54913241145447,39.715792822968204],[-121.54912108591162,39.716333263958674],[-121.55052067620885,39.71635074885261],[-121.55053199083582,39.71581030752877]]]]}},{"type":"Feature","id":28,"properties":{"patch_id":28,"area_ha":3.24,"mean_delta":-0.615218790169446,"pixels":9,"metric":"nbr","before":"S2B_10TFK_20181106_0_L2A","after":"S2A_10TFK_20181211_0_L2A"},"geometry":{"type":"MultiPolygon","coordinates":[[[[-121.5614960214057,39.760814928611396],[-121.55939527672105,39.760788869273426],[-121.55937274962257,39.761869747697844],[-121.56007300848793,39.76187843869806],[-121.56005049111562,39.76295931724123],[-121.56075076122595,39.7629680043495],[-121.56076201459321,39.76242756493891],[-121.56146227953633,39.76243624765845],[-121.5614960214057,39.760814928611396]]]]}},{"type":"Feature","id":78,"properties":{"patch_id":78,"area_ha":3.24,"mean_delta":-0.807852928434113,"pixels":9,"metric":"nbr","before":"S2B_10TFK_20181106_0_L2A","after":"S2A_10TFK_20181211_0_L2A"},"geometry":{"type":"MultiPolygon","coordinates":[[[[-121.58591254631989,39.73138303755022],[-121.58521258821447,39.73137450785757],[-121.58522363797526,39.73083405973591],[-121.58452368563013,39.73082552598724],[-121.584512630407,39.73136597394623],[-121.58381267289764,39.7313574358162],[-121.58379055063185,39.73243833124951],[-121.58449051906634,39.73244686970509],[-121.58446840653308,39.73352776525181],[-121.58516838619147,39.733536299813935],[-121.5851794371442,39.732995851904406],[-121.58587941163762,39.7330043820849],[-121.58589045682956,39.73246393395971],[-121.58519048779893,39.73245540394182],[-121.5852015381557,39.731914955926214],[-121.58590150172367,39.731923485781486],[-121.58591254631989,39.73138303755022]]]]}},{"type":"Feature","id":83,"properties":{"patch_id":83,"area_ha":3.24,"mean_delta":-0.8509044540815004,"pixels":9,"metric":"nbr","before":"S2B_10TFK_20181106_0_L2A","after":"S2A_10TFK_20181211_0_L2A"},"geometry":{"type":"MultiPolygon","coordinates":[[[[-121.5460608349042,39.72872835632509],[-121.5453609158648,39.728719586844285],[-121.5453381951951,39.7298004645501],[-121.54393833618958,39.72978291226509],[-121.54392696447184,39.73032335070359],[-121.5432270299673,39.73031456806634],[-121.54320427468804,39.731395444448935],[-121.54390422011639,39.73140422742107],[-121.54391559244745,39.73086378908893],[-121.5453154733,39.73088134204319],[-121.54532683440073,39.73034090332322],[-121.54602676982479,39.73034967330559],[-121.5460608349042,39.72872835632509]]]]}},{"type":"Feature","id":119,"properties":{"patch_id":119,"area_ha":3.24,"mean_delta":-0.6655290565173275,"pixels":9,"metric":"nbr","before":"S2B_10TFK_20181106_0_L2A","after":"S2A_10TFK_20181211_0_L2A"},"geometry":{"type":"MultiPolygon","coordinates":[[[[-121.58473367823844,39.72055700469013],[-121.58403382994807,39.72054846981507],[-121.58402277492802,39.721088918618946],[-121.58262306832262,39.721071835891905],[-121.58263413426175,39.72053138741373],[-121.58193428686612,39.72052283988745],[-121.58190107177451,39.72214418467401],[-121.58330079962225,39.722161276487064],[-121.58331186069836,39.72162082795205],[-121.58401171960983,39.72162936736981],[-121.58400066399358,39.72216981606762],[-121.58470052866305,39.72217835143087],[-121.58473367823844,39.72055700469013]]]]}},{"type":"Feature","id":142,"properties":{"patch_id":142,"area_ha":3.24,"mean_delta":-0.6552279831964536,"pixels":9,"metric":"nbr","before":"S2B_10TFK_20181106_0_L2A","after":"S2A_10TFK_20181211_0_L2A"},"geometry":{"type":"MultiPolygon","coordinates":[[[[-121.61006947649135,39.7138355347337],[-121.60866990086649,39.7138187685589],[-121.60868076069659,39.71327831336625],[-121.60658141582924,39.71325313296256],[-121.60655966312912,39.71433404233467],[-121.60935883386762,39.714367609053994],[-121.60934797890998,39.71490806430064],[-121.6100477777848,39.71491644559952],[-121.61006947649135,39.7138355347337]]]]}},{"type":"Feature","id":7,"properties":{"patch_id":7,"area_ha":2.88,"mean_delta":-0.5791654983424362,"pixels":8,"metric":"nbr","before":"S2B_10TFK_20181106_0_L2A","after":"S2A_10TFK_20181211_0_L2A"},"geometry":{"type":"MultiPolygon","coordinates":[[[[-121.56590430097057,39.78465493491361],[-121.56450331829768,39.784637610844214],[-121.56449208533972,39.78517804906847],[-121.5630910929251,39.78516070776258],[-121.56307984871019,39.785701145603205],[-121.5637803502429,39.785709818534734],[-121.5637691112018,39.78625025648752],[-121.56446961851482,39.78625892535758],[-121.56448085207877,39.785718487239585],[-121.56518135421766,39.78572715171777],[-121.56517012613085,39.78626759000088],[-121.56587063404976,39.78627625041744],[-121.56590430097057,39.78465493491361]]]]}},{"type":"Feature","id":10,"properties":{"patch_id":10,"area_ha":2.88,"mean_delta":-1.268367427386579,"pixels":8,"metric":"nbr","before":"S2B_10TFK_20181106_0_L2A","after":"S2A_10TFK_20181211_0_L2A"},"geometry":{"type":"MultiPolygon","coordinates":[[[[-121.61216998114332,39.78359579651857],[-121.61146948642543,39.783587416037875],[-121.61148035124191,39.783046966716974],[-121.6093788852778,39.78302180039477],[-121.60935712249025,39.78410269802438],[-121.61075812141405,39.78411948043868],[-121.61074725053425,39.784659929493884],[-121.6114477559132,39.784668314520786],[-121.61145862131586,39.78412786530582],[-121.61215912151079,39.78413624594622],[-121.61216998114332,39.78359579651857]]]]}},{"type":"Feature","id":31,"properties":{"patch_id":31,"area_ha":2.88,"mean_delta":-0.9547431735210056,"pixels":8,"metric":"nbr","before":"S2B_10TFK_20181106_0_L2A","after":"S2A_10TFK_20181211_0_L2A"},"geometry":{"type":"MultiPolygon","coordinates":[[[[-121.56018557713232,39.75647404279407],[-121.55878516910079,39.75645665988414],[-121.55877390266427,39.7569970993823],[-121.55807369363512,39.75698840142813],[-121.55806242142552,39.75752884070738],[-121.55876263592391,39.75753753882734],[-121.55875136887968,39.758077978219234],[-121.55805114891189,39.75806927993348],[-121.55803987609424,39.75860971910644],[-121.55944032727278,39.75862711178694],[-121.55946285072619,39.757546232724856],[-121.56016306583217,39.75755492239995],[-121.56018557713232,39.75647404279407]]]]}},{"type":"Feature","id":59,"properties":{"patch_id":59,"area_ha":2.88,"mean_delta":-0.5047995617638413,"pixels":8,"metric":"nbr","before":"S2B_10TFK_20181106_0_L2A","after":"S2A_10TFK_20181211_0_L2A"},"geometry":{"type":"MultiPolygon","coordinates":[[[[-121.60676995510477,39.73866285242069],[-121.60606991710088,39.73865444720845],[-121.6060916962131,39.73757354260236],[-121.60539166943181,39.73756513349084],[-121.60536987939071,39.738646037776306],[-121.6046698419743,39.73863762412428],[-121.60463713831447,39.74025897967406],[-121.6053371921253,39.74026739380728],[-121.60534808817425,39.73972694184992],[-121.606048136814,39.739735351602704],[-121.6060590271043,39.739194899432064],[-121.60675907057285,39.73920330480454],[-121.60676995510477,39.73866285242069]]]]}},{"type":"Feature","id":73,"properties":{"patch_id":73,"area_ha":2.88,"mean_delta":-0.4948257522552803,"pixels":8,"metric":"nbr","before":"S2B_10TFK_20181106_0_L2A","after":"S2A_10TFK_20181211_0_L2A"},"geometry":{"type":"MultiPolygon","coordinates":[[[[-121.62438920811648,39.7329265877551],[-121.62368922292292,39.73291828978225],[-121.62367847273568,39.73345874656946],[-121.62227849229184,39.733442137649696],[-121.62226773088783,39.73398259406739],[-121.62296772642814,39.73399090079524],[-121.62295697019752,39.73453135731839],[-121.62225696919364,39.73452305043218],[-121.62224620720922,39.735063506744055],[-121.62364622043448,39.73508011661377],[-121.62365697149147,39.73453965998523],[-121.62435697307535,39.73454795843269],[-121.62438920811648,39.7329265877551]]]]}},{"type":"Feature","id":98,"properties":{"patch_id":98,"area_ha":2.88,"mean_delta":-0.6217273956424839,"pixels":8,"metric":"nbr","before":"S2B_10TFK_20181106_0_L2A","after":"S2A_10TFK_20181211_0_L2A"},"geometry":{"type":"MultiPolygon","coordinates":[[[[-121.54121836820826,39.72596469120902],[-121.53981858934061,39.72594709065452],[-121.53980718700542,39.72648752845963],[-121.5391072925721,39.72647872168805],[-121.53911870036788,39.725938284050855],[-121.53841881170277,39.72592947322957],[-121.53839598488233,39.727010348114824],[-121.53769608560368,39.72700153273981],[-121.53768466627093,39.72754196993458],[-121.53908447605772,39.72755959680287],[-121.53909588446872,39.72701915927206],[-121.54049568456429,39.72703676893322],[-121.5405070817462,39.72649633101349],[-121.54120697679427,39.726505129349654],[-121.54121836820826,39.72596469120902]]]]}},{"type":"Feature","id":103,"properties":{"patch_id":103,"area_ha":2.88,"mean_delta":-0.4983397337264964,"pixels":8,"metric":"nbr","before":"S2B_10TFK_20181106_0_L2A","after":"S2A_10TFK_20181211_0_L2A"},"geometry":{"type":"MultiPolygon","coordinates":[[[[-121.61265202826723,39.72467812838745],[-121.61125223192786,39.72466138956082],[-121.61127391932604,39.72358047996195],[-121.61057403251628,39.72357210454125],[-121.61053063470692,39.725733922888494],[-121.61123054336002,39.72574229894796],[-121.61124138779016,39.72520184428086],[-121.61194129127465,39.725210215962704],[-121.61191961304425,39.72629112556318],[-121.61261952774332,39.72629949334615],[-121.61265202826723,39.72467812838745]]]]}},{"type":"Feature","id":115,"properties":{"patch_id":115,"area_ha":2.88,"mean_delta":-0.4986028055188452,"pixels":8,"metric":"nbr","before":"S2B_10TFK_20181106_0_L2A","after":"S2A_10TFK_20181211_0_L2A"},"geometry":{"type":"MultiPolygon","coordinates":[[[[-121.54761945495143,39.721179725718535],[-121.54691961174433,39.721170967011965],[-121.54693095641365,39.72063052700065],[-121.54623111897168,39.720621764244186],[-121.54624246879413,39.72008132434674],[-121.54554263711726,39.72007255754056],[-121.54553128183575,39.72061299727085],[-121.54483144500603,39.72060422608067],[-121.54482008395911,39.72114466559055],[-121.54621976884317,39.72116220408843],[-121.54618571662125,39.722783523302205],[-121.54688557590094,39.72279228672696],[-121.54690826676914,39.72171140697013],[-121.5476081154356,39.721720165843685],[-121.54761945495143,39.721179725718535]]]]}},{"type":"Feature","id":120,"properties":{"patch_id":120,"area_ha":2.88,"mean_delta":-0.4417883418933263,"pixels":8,"metric":"nbr","before":"S2B_10TFK_20181106_0_L2A","after":"S2A_10TFK_20181211_0_L2A"},"geometry":{"type":"MultiPolygon","coordinates":[[[[-121.57491357706644,39.72151802599666],[-121.57351386732122,39.72150083329685],[-121.57353614144604,39.72041994064318],[-121.5728362979428,39.72041133829557],[-121.57282515557115,39.72095178448493],[-121.57072561048652,39.72092595164768],[-121.57071445143579,39.72146639729144],[-121.57281401289903,39.72149223062123],[-121.57280286992645,39.72203267670444],[-121.57490245047299,39.72205847257168],[-121.57491357706644,39.72151802599666]]]]}},{"type":"Feature","id":136,"properties":{"patch_id":136,"area_ha":2.88,"mean_delta":-0.3792493953702217,"pixels":8,"metric":"nbr","before":"S2B_10TFK_20181106_0_L2A","after":"S2A_10TFK_20181211_0_L2A"},"geometry":{"type":"MultiPolygon","coordinates":[[[[-121.63035276302857,39.7146172091132],[-121.62965296118779,39.714608950249044],[-121.62964226451872,39.71514941009732],[-121.62824265078592,39.715132879404486],[-121.6282212347482,39.71621379831202],[-121.62892105238743,39.716222066081976],[-121.62891034939425,39.71676252561409],[-121.62961017278086,39.716770789324904],[-121.62962087031526,39.71623032963523],[-121.63032068853155,39.71623858897181],[-121.63035276302857,39.7146172091132]]]]}},{"type":"Feature","id":9,"properties":{"patch_id":9,"area_ha":2.52,"mean_delta":-0.7060579905135443,"pixels":7,"metric":"nbr","before":"S2B_10TFK_20181106_0_L2A","after":"S2A_10TFK_20181211_0_L2A"},"geometry":{"type":"MultiPolygon","coordinates":[[[[-121.6297038884501,39.782723027921705],[-121.62760241618987,39.782698191747656],[-121.6275916776331,39.78323864477448],[-121.62829217357397,39.78324692788361],[-121.62825997259723,39.78486828712023],[-121.62896048525927,39.784876566476036],[-121.62898194191204,39.78379566005563],[-121.62968244390888,39.78380393486911],[-121.6297038884501,39.782723027921705]]]]}},{"type":"Feature","id":11,"properties":{"patch_id":11,"area_ha":2.52,"mean_delta":-0.8433072729905867,"pixels":7,"metric":"nbr","before":"S2B_10TFK_20181106_0_L2A","after":"S2A_10TFK_20181211_0_L2A"},"geometry":{"type":"MultiPolygon","coordinates":[[[[-121.615694122742,39.7825567349137],[-121.61289218358688,39.7825232734392],[-121.6128813300169,39.7830637231324],[-121.614282309963,39.78308046264163],[-121.61427146705401,39.7836209126009],[-121.61497196294273,39.78362927617506],[-121.6149611252183,39.784169726240776],[-121.61566162687645,39.7841780857476],[-121.615694122742,39.7825567349137]]]]}},{"type":"Feature","id":13,"properties":{"patch_id":13,"area_ha":2.52,"mean_delta":-1.1066021842752145,"pixels":7,"metric":"nbr","before":"S2B_10TFK_20181106_0_L2A","after":"S2A_10TFK_20181211_0_L2A"},"geometry":{"type":"MultiPolygon","coordinates":[[[[-121.61991863696754,39.78152589760169],[-121.61851768520886,39.781509226670856],[-121.61850687603614,39.78204967774408],[-121.61710591449074,39.78203298958979],[-121.61709509407315,39.782573440292026],[-121.61779558017663,39.782581786641444],[-121.61778476494396,39.78312223744978],[-121.61918574897959,39.783138917786985],[-121.61920735724627,39.78205801548155],[-121.61990783874785,39.782066348992615],[-121.61991863696754,39.78152589760169]]]]}},{"type":"Feature","id":14,"properties":{"patch_id":14,"area_ha":2.52,"mean_delta":-1.0653384419340177,"pixels":7,"metric":"nbr","before":"S2B_10TFK_20181106_0_L2A","after":"S2A_10TFK_20181211_0_L2A"},"geometry":{"type":"MultiPolygon","coordinates":[[[[-121.5652711680098,39.781403643540294],[-121.56246933652,39.781368965554954],[-121.56244684108069,39.78244984159629],[-121.5645482470996,39.78247585741592],[-121.56455947854268,39.78193541892601],[-121.56525994234566,39.78194408224842],[-121.5652711680098,39.781403643540294]]]]}},{"type":"Feature","id":29,"properties":{"patch_id":29,"area_ha":2.52,"mean_delta":-0.6037454420979328,"pixels":7,"metric":"nbr","before":"S2B_10TFK_20181106_0_L2A","after":"S2A_10TFK_20181211_0_L2A"},"geometry":{"type":"MultiPolygon","coordinates":[[[[-121.62033954043132,39.760448252072344],[-121.61963927787525,39.760439924912156],[-121.61965006992158,39.759899471562925],[-121.61894981312723,39.759891140338325],[-121.61898220393074,39.75826978044953],[-121.61828196383851,39.758261445478425],[-121.61823875363658,39.76042325792214],[-121.61893901561031,39.76043159352876],[-121.61892821780218,39.760972046666254],[-121.62032875356466,39.76098870552736],[-121.62033954043132,39.760448252072344]]]]}},{"type":"Feature","id":46,"properties":{"patch_id":46,"area_ha":2.52,"mean_delta":-0.4364076884768423,"pixels":7,"metric":"nbr","before":"S2B_10TFK_20181106_0_L2A","after":"S2A_10TFK_20181211_0_L2A"},"geometry":{"type":"MultiPolygon","coordinates":[[[[-121.5814357782431,39.744842961558874],[-121.58073568532208,39.74483440247599],[-121.58074677533104,39.744293956657955],[-121.58004668817509,39.744285393517636],[-121.58005778335078,39.74374494780978],[-121.57935770195989,39.743736380612205],[-121.57932439913714,39.74535771708665],[-121.58002449692599,39.745366284774185],[-121.58001340085255,39.74590673032287],[-121.5807135044069,39.745915293952905],[-121.58072459501406,39.74537484824098],[-121.5814246934012,39.74538340748702],[-121.5814357782431,39.744842961558874]]]]}},{"type":"Feature","id":56,"properties":{"patch_id":56,"area_ha":2.52,"mean_delta":-0.449168413395949,"pixels":7,"metric":"nbr","before":"S2B_10TFK_20181106_0_L2A","after":"S2A_10TFK_20181211_0_L2A"},"geometry":{"type":"MultiPolygon","coordinates":[[[[-121.61793821082571,39.74041812655775],[-121.61723815174817,39.740409788387694],[-121.61725975774313,39.73932887899106],[-121.61655970988699,39.73932053691883],[-121.61654890157018,39.73986099148459],[-121.61584884854058,39.73985264503322],[-121.6158272201022,39.740933553687704],[-121.61722734831368,39.74095024300663],[-121.61721654458783,39.74149069757264],[-121.61791661459608,39.74149903606061],[-121.61793821082571,39.74041812655775]]]]}},{"type":"Feature","id":69,"properties":{"patch_id":69,"area_ha":2.52,"mean_delta":-0.5278017332510124,"pixels":7,"metric":"nbr","before":"S2B_10TFK_20181106_0_L2A","after":"S2A_10TFK_20181211_0_L2A"},"geometry":{"type":"MultiPolygon","coordinates":[[[[-121.59074621878621,39.73468532268354],[-121.58934623315356,39.73466831619635],[-121.58935725192272,39.73412786741832],[-121.58865726501534,39.73411935800812],[-121.58863521625315,39.73520025518671],[-121.58933521408727,39.73520876492135],[-121.5893241947238,39.73574921359333],[-121.59002419831866,39.73575771927085],[-121.5900131841218,39.73629816805196],[-121.59071319347743,39.73630666967216],[-121.59074621878621,39.73468532268354]]]]}},{"type":"Feature","id":116,"properties":{"patch_id":116,"area_ha":2.52,"mean_delta":-0.46676573414436445,"pixels":7,"metric":"nbr","before":"S2B_10TFK_20181106_0_L2A","after":"S2A_10TFK_20181211_0_L2A"},"geometry":{"type":"MultiPolygon","coordinates":[[[[-121.61199548173595,39.72250794103516],[-121.6112956055546,39.72249957015132],[-121.61130644823032,39.721959115166605],[-121.61060657780158,39.721950740224926],[-121.61061742564495,39.721410285346956],[-121.60991756096873,39.721401906347594],[-121.60990670766533,39.72194236106582],[-121.60920683782174,39.72193397768928],[-121.60919597876551,39.72247443219472],[-121.60989585406926,39.7224828157311],[-121.60988500018053,39.723023270343454],[-121.61198464422817,39.72304839612654],[-121.61199548173595,39.72250794103516]]]]}},{"type":"Feature","id":131,"properties":{"patch_id":131,"area_ha":2.52,"mean_delta":-0.7417433306534466,"pixels":7,"metric":"nbr","before":"S2B_10TFK_20181106_0_L2A","after":"S2A_10TFK_20181211_0_L2A"},"geometry":{"type":"MultiPolygon","coordinates":[[[[-121.6058163404245,39.716487457582126],[-121.60441671373518,39.71647063920961],[-121.60440581939608,39.717011093123546],[-121.60300618296456,39.71699425756372],[-121.60298437156969,39.71807516459075],[-121.60438402983658,39.71809200079257],[-121.60439492476323,39.71755154698455],[-121.60509474887847,39.717559958599836],[-121.60510563805258,39.71701950457849],[-121.60580545700267,39.71702791181674],[-121.6058163404245,39.716487457582126]]]]}},{"type":"Feature","id":148,"properties":{"patch_id":148,"area_ha":2.52,"mean_delta":-0.4587503563772345,"pixels":7,"metric":"nbr","before":"S2B_10TFK_20181106_0_L2A","after":"S2A_10TFK_20181211_0_L2A"},"geometry":{"type":"MultiPolygon","coordinates":[[[[-121.5702378312334,39.7106488580729],[-121.56953808747727,39.710640237599364],[-121.56952692322857,39.71118068392298],[-121.56812742570607,39.71116343000043],[-121.56811625024265,39.711703875941986],[-121.56881600431015,39.71171250517559],[-121.5688048340024,39.712252951228585],[-121.56810507447791,39.712244321830454],[-121.56809389841183,39.71278476766583],[-121.56949342867631,39.71280202257535],[-121.56951575867886,39.71172113019351],[-121.57021551334859,39.71172975099577],[-121.5702378312334,39.7106488580729]]]]}},{"type":"Feature","id":154,"properties":{"patch_id":154,"area_ha":2.52,"mean_delta":-0.6597927790919803,"pixels":7,"metric":"nbr","before":"S2B_10TFK_20181106_0_L2A","after":"S2A_10TFK_20181211_0_L2A"},"geometry":{"type":"MultiPolygon","coordinates":[[[[-121.59963826817173,39.71046665790748],[-121.59753901662869,39.71044131549234],[-121.59752807095076,39.71098176838092],[-121.59682831556954,39.71097331231667],[-121.59680641241401,39.71205421761245],[-121.59750617870947,39.712062673999164],[-121.59751712497768,39.71152222121653],[-121.59891664753951,39.71153912102006],[-121.59892758259844,39.71099866786221],[-121.59962733886461,39.71100711127926],[-121.59963826817173,39.71046665790748]]]]}},{"type":"Feature","id":155,"properties":{"patch_id":155,"area_ha":2.52,"mean_delta":-0.36077394344348374,"pixels":7,"metric":"nbr","before":"S2B_10TFK_20181106_0_L2A","after":"S2A_10TFK_20181211_0_L2A"},"geometry":{"type":"MultiPolygon","coordinates":[[[[-121.54784618107102,39.710370912051154],[-121.54714644702038,39.7103621566838],[-121.54715778557348,39.70982171560917],[-121.54645805728485,39.70981295619349],[-121.54644671327549,39.71035339710111],[-121.54574697983642,39.710344633303066],[-121.54572427998711,39.711425514624615],[-121.54782351396062,39.71145179437481],[-121.54784618107102,39.710370912051154]]]]}},{"type":"Feature","id":15,"properties":{"patch_id":15,"area_ha":2.16,"mean_delta":-0.9293490375113155,"pixels":6,"metric":"nbr","before":"S2B_10TFK_20181106_0_L2A","after":"S2A_10TFK_20181211_0_L2A"},"geometry":{"type":"MultiPolygon","coordinates":[[[[-121.62551170123399,39.78213286492872],[-121.62270976766541,39.782099640772365],[-121.62272054397899,39.78155918874697],[-121.62202006678973,39.7815508723002],[-121.62199850291867,39.782631775981095],[-121.62550094653665,39.782673317534396],[-121.62551170123399,39.78213286492872]]]]}},{"type":"Feature","id":32,"properties":{"patch_id":32,"area_ha":2.16,"mean_delta":-0.5528447695083328,"pixels":6,"metric":"nbr","before":"S2B_10TFK_20181106_0_L2A","after":"S2A_10TFK_20181211_0_L2A"},"geometry":{"type":"MultiPolygon","coordinates":[[[[-121.56296392929038,39.75758963887577],[-121.56226371297099,39.7575809660905],[-121.56227495236502,39.757040525817715],[-121.56087453157431,39.75702316791066],[-121.56086328124174,39.75756360785259],[-121.56016306583217,39.75755492239995],[-121.56015180972673,39.758095362123186],[-121.56295269506269,39.75813007926074],[-121.56296392929038,39.75758963887577]]]]}},{"type":"Feature","id":38,"properties":{"patch_id":38,"area_ha":2.16,"mean_delta":-0.4213523449293741,"pixels":6,"metric":"nbr","before":"S2B_10TFK_20181106_0_L2A","after":"S2A_10TFK_20181211_0_L2A"},"geometry":{"type":"MultiPolygon","coordinates":[[[[-121.62059833797156,39.747477353276295],[-121.61989820666956,39.74746902992475],[-121.61988742131561,39.74800948449112],[-121.61848714865,39.7479928248066],[-121.61847635207046,39.74853327900248],[-121.61777621070699,39.74852494266928],[-121.61776540836878,39.74906539665333],[-121.6191657023219,39.74908206541605],[-121.61917649372512,39.748541611114256],[-121.62057677790737,39.748558262673455],[-121.62059833797156,39.747477353276295]]]]}},{"type":"Feature","id":40,"properties":{"patch_id":40,"area_ha":2.16,"mean_delta":-0.8543248774370765,"pixels":6,"metric":"nbr","before":"S2B_10TFK_20181106_0_L2A","after":"S2A_10TFK_20181211_0_L2A"},"geometry":{"type":"MultiPolygon","coordinates":[[[[-121.54218547376615,39.74651889958427],[-121.54148537595718,39.74651010348146],[-121.54149677327669,39.74596966714132],[-121.54009658951315,39.74595206260922],[-121.54008518126155,39.7464924986138],[-121.53938508437511,39.74648368984894],[-121.53937367034965,39.747024125632386],[-121.54217408160547,39.74705933603887],[-121.54218547376615,39.74651889958427]]]]}},{"type":"Feature","id":63,"properties":{"patch_id":63,"area_ha":2.16,"mean_delta":-0.602883855594018,"pixels":6,"metric":"nbr","before":"S2B_10TFK_20181106_0_L2A","after":"S2A_10TFK_20181211_0_L2A"},"geometry":{"type":"MultiPolygon","coordinates":[[[[-121.6278248296479,39.736210759950076],[-121.62572477224651,39.73618591381949],[-121.62570330088852,39.737266827655056],[-121.625003271405,39.737258536856146],[-121.62499252982721,39.737798993536536],[-121.62639260001274,39.737815571230605],[-121.62641406102097,39.73673465718487],[-121.62781411050626,39.73675121736798],[-121.6278248296479,39.736210759950076]]]]}},{"type":"Feature","id":66,"properties":{"patch_id":66,"area_ha":2.16,"mean_delta":-0.6553562607576223,"pixels":6,"metric":"nbr","before":"S2B_10TFK_20181106_0_L2A","after":"S2A_10TFK_20181211_0_L2A"},"geometry":{"type":"MultiPolygon","coordinates":[[[[-121.56763542013726,39.734943001205345],[-121.56623544334056,39.73492571592644],[-121.56622424368344,39.73546615920241],[-121.56552425027475,39.73545751006941],[-121.56551304485217,39.73599795312738],[-121.56621304372432,39.73600660242527],[-121.56620184346312,39.73654704559504],[-121.5669018481009,39.73655569083846],[-121.56691304289846,39.73601524750389],[-121.5676130423745,39.73602388836323],[-121.56763542013726,39.734943001205345]]]]}},{"type":"Feature","id":81,"properties":{"patch_id":81,"area_ha":2.16,"mean_delta":-0.3453920809288043,"pixels":6,"metric":"nbr","before":"S2B_10TFK_20181106_0_L2A","after":"S2A_10TFK_20181211_0_L2A"},"geometry":{"type":"MultiPolygon","coordinates":[[[[-121.6013335476834,39.73048871971289],[-121.59993364058069,39.73047184237744],[-121.59992270582632,39.73101229395006],[-121.5992227472548,39.73100384879337],[-121.59921180674304,39.731544300151995],[-121.59991177077707,39.73155274546969],[-121.59990083543292,39.73209319693634],[-121.60060080522456,39.73210163819615],[-121.60061173510603,39.73156118656858],[-121.60131169972968,39.73156962344867],[-121.6013335476834,39.73048871971289]]]]}},{"type":"Feature","id":82,"properties":{"patch_id":82,"area_ha":2.16,"mean_delta":-0.5915983253086728,"pixels":6,"metric":"nbr","before":"S2B_10TFK_20181106_0_L2A","after":"S2A_10TFK_20181211_0_L2A"},"geometry":{"type":"MultiPolygon","coordinates":[[[[-121.59152322247213,39.73091067363557],[-121.59082326745059,39.730902177854624],[-121.59084527868349,39.72982127885496],[-121.59014533488318,39.72981277917945],[-121.5901233127259,39.73089367785503],[-121.58942335829809,39.73088517363678],[-121.58940132402806,39.73196607177602],[-121.59010128938084,39.731974576318535],[-121.59011230120184,39.73143412711329],[-121.59151222187295,39.73145112321786],[-121.59152322247213,39.73091067363557]]]]}},{"type":"Feature","id":88,"properties":{"patch_id":88,"area_ha":2.16,"mean_delta":-0.5518699578403413,"pixels":6,"metric":"nbr","before":"S2B_10TFK_20181106_0_L2A","after":"S2A_10TFK_20181211_0_L2A"},"geometry":{"type":"MultiPolygon","coordinates":[[[[-121.59996644307469,39.72885048734172],[-121.59716669795395,39.72881668398057],[-121.59715574223637,39.72935713506767],[-121.59785568353571,39.729365592396775],[-121.59783378213858,39.73044649473449],[-121.5985337346575,39.730454948167434],[-121.59855562513034,39.72937404550742],[-121.59995550920486,39.72939093907329],[-121.59996644307469,39.72885048734172]]]]}},{"type":"Feature","id":92,"properties":{"patch_id":92,"area_ha":2.16,"mean_delta":-0.652153547559046,"pixels":6,"metric":"nbr","before":"S2B_10TFK_20181106_0_L2A","after":"S2A_10TFK_20181211_0_L2A"},"geometry":{"type":"MultiPolygon","coordinates":[[[[-121.60977644519404,39.72842781355504],[-121.60907650981879,39.728419428260295],[-121.60908737209655,39.72787897433725],[-121.60838744247597,39.72787058498407],[-121.60837657473647,39.72841103874717],[-121.60697670545112,39.72839424706577],[-121.60696582649472,39.72893470045579],[-121.60766576645268,39.72894309856579],[-121.60765489266494,39.729483552062966],[-121.6083548383782,39.729491946114535],[-121.60836570670385,39.72895149245732],[-121.60976558808531,39.72896826758501],[-121.60977644519404,39.72842781355504]]]]}},{"type":"Feature","id":93,"properties":{"patch_id":93,"area_ha":2.16,"mean_delta":-0.6355418292706834,"pixels":6,"metric":"nbr","before":"S2B_10TFK_20181106_0_L2A","after":"S2A_10TFK_20181211_0_L2A"},"geometry":{"type":"MultiPolygon","coordinates":[[[[-121.56778084618074,39.72791722950213],[-121.5656810944672,39.72789130168168],[-121.56566989327418,39.72843174548313],[-121.56496997117884,39.728423094275236],[-121.56495876422224,39.72896353785866],[-121.56705854779881,39.7289894793224],[-121.56706973837085,39.728449035244445],[-121.56776966137187,39.72845767379786],[-121.56778084618074,39.72791722950213]]]]}},{"type":"Feature","id":96,"properties":{"patch_id":96,"area_ha":2.16,"mean_delta":-0.554315271657709,"pixels":6,"metric":"nbr","before":"S2B_10TFK_20181106_0_L2A","after":"S2A_10TFK_20181211_0_L2A"},"geometry":{"type":"MultiPolygon","coordinates":[[[[-121.6203186086824,39.72639126056361],[-121.61961869077778,39.72638293917995],[-121.61960791129977,39.72692339565123],[-121.6189079882244,39.726915069890694],[-121.6188972029941,39.72745552615033],[-121.61819727474793,39.72744719601275],[-121.61818648376503,39.72798765206067],[-121.61888641747294,39.72799598235706],[-121.61887563166093,39.728536438510886],[-121.61957557112159,39.728544764747625],[-121.61959713153108,39.7274638520696],[-121.62029706035875,39.72747217377057],[-121.6203186086824,39.72639126056361]]]]}},{"type":"Feature","id":150,"properties":{"patch_id":150,"area_ha":2.16,"mean_delta":-0.3866411409013053,"pixels":6,"metric":"nbr","before":"S2B_10TFK_20181106_0_L2A","after":"S2A_10TFK_20181211_0_L2A"},"geometry":{"type":"MultiPolygon","coordinates":[[[[-121.57652442887927,39.71126670059913],[-121.57582467696376,39.71125811790185],[-121.57581356152615,39.71179856564881],[-121.57511380445341,39.71178997857216],[-121.57513604594266,39.71070908335262],[-121.5744363000835,39.71070049238787],[-121.57440292102905,39.71232183464616],[-121.57650220861834,39.712347596367294],[-121.57652442887927,39.71126670059913]]]]}},{"type":"Feature","id":153,"properties":{"patch_id":153,"area_ha":2.16,"mean_delta":-0.4662589812907658,"pixels":6,"metric":"nbr","before":"S2B_10TFK_20181106_0_L2A","after":"S2A_10TFK_20181211_0_L2A"},"geometry":{"type":"MultiPolygon","coordinates":[[[[-121.60801357288695,39.71164855869875],[-121.6073138076369,39.71164016571095],[-121.60733554649032,39.71055925548913],[-121.60593603869815,39.71054245750647],[-121.6059142780163,39.711623367087704],[-121.60661404267998,39.711631768507274],[-121.60660316735631,39.712172223378644],[-121.60800270847795,39.71218901389027],[-121.60801357288695,39.71164855869875]]]]}},{"type":"Feature","id":18,"properties":{"patch_id":18,"area_ha":1.8,"mean_delta":-0.6120464611757599,"pixels":5,"metric":"nbr","before":"S2B_10TFK_20181106_0_L2A","after":"S2A_10TFK_20181211_0_L2A"},"geometry":{"type":"MultiPolygon","coordinates":[[[[-121.57653422805214,39.77883947182334],[-121.57373248675343,39.77880506758444],[-121.57372132830663,39.77934550853298],[-121.57442176865555,39.77935411609529],[-121.57441061538326,39.779894557154776],[-121.57511106150855,39.77990316065528],[-121.57512220930532,39.77936271943183],[-121.57652309150676,39.779379913427576],[-121.57653422805214,39.77883947182334]]]]}},{"type":"Feature","id":19,"properties":{"patch_id":19,"area_ha":1.8,"mean_delta":-0.36269897757310227,"pixels":5,"metric":"nbr","before":"S2B_10TFK_20181106_0_L2A","after":"S2A_10TFK_20181211_0_L2A"},"geometry":{"type":"MultiPolygon","coordinates":[[[[-121.57303205218082,39.778796455960475],[-121.57233161790934,39.77878784011082],[-121.57234278700552,39.778247399437504],[-121.57164235851052,39.77823877952646],[-121.57160883389211,39.77986010089424],[-121.5730097240354,39.7798773374762],[-121.57303205218082,39.778796455960475]]]]}},{"type":"Feature","id":23,"properties":{"patch_id":23,"area_ha":1.8,"mean_delta":-1.1043345337029489,"pixels":5,"metric":"nbr","before":"S2B_10TFK_20181106_0_L2A","after":"S2A_10TFK_20181211_0_L2A"},"geometry":{"type":"MultiPolygon","coordinates":[[[[-121.56828581837962,39.771169895830745],[-121.5675854628584,39.77116125270791],[-121.5675966660493,39.770620812442644],[-121.5668963163033,39.77061216526011],[-121.56687389867305,39.77169304540789],[-121.56757425936533,39.77170169292005],[-121.56755185147256,39.772782573185005],[-121.56825222341385,39.77279121680203],[-121.56828581837962,39.771169895830745]]]]}},{"type":"Feature","id":35,"properties":{"patch_id":35,"area_ha":1.8,"mean_delta":-0.5858047691884465,"pixels":5,"metric":"nbr","before":"S2B_10TFK_20181106_0_L2A","after":"S2A_10TFK_20181211_0_L2A"},"geometry":{"type":"MultiPolygon","coordinates":[[[[-121.61488904632866,39.75281518042079],[-121.61348867932263,39.752798458768964],[-121.61346700406835,39.75387936392675],[-121.6127668100663,39.75387099644877],[-121.61275596653184,39.754411448788744],[-121.61415636576602,39.75442817984142],[-121.61417803066722,39.75334727447068],[-121.61487821978493,39.75335563334491],[-121.61488904632866,39.75281518042079]]]]}},{"type":"Feature","id":52,"properties":{"patch_id":52,"area_ha":1.8,"mean_delta":-0.40707943012592473,"pixels":5,"metric":"nbr","before":"S2B_10TFK_20181106_0_L2A","after":"S2A_10TFK_20181211_0_L2A"},"geometry":{"type":"MultiPolygon","coordinates":[[[[-121.58149119796876,39.7421407311224],[-121.58079113237623,39.74213217285527],[-121.5807800435635,39.742672618885514],[-121.58007997280464,39.74266405623491],[-121.58005778335078,39.74374494780978],[-121.58145794703012,39.74376206954343],[-121.58149119796876,39.7421407311224]]]]}},{"type":"Feature","id":64,"properties":{"patch_id":64,"area_ha":1.8,"mean_delta":-0.38541620549507016,"pixels":5,"metric":"nbr","before":"S2B_10TFK_20181106_0_L2A","after":"S2A_10TFK_20181211_0_L2A"},"geometry":{"type":"MultiPolygon","coordinates":[[[[-121.5984133159509,39.73639990900902],[-121.5977133033377,39.73639145380315],[-121.59772425743283,39.73585100324368],[-121.59702425057888,39.73584254397955],[-121.59701329101993,39.73638299437776],[-121.5963132789977,39.736374530732874],[-121.5963023136792,39.736914980916744],[-121.5977023489472,39.736931904309635],[-121.59769139426125,39.73747235476313],[-121.59839141780259,39.73748081029139],[-121.5984133159509,39.73639990900902]]]]}},{"type":"Feature","id":67,"properties":{"patch_id":67,"area_ha":1.8,"mean_delta":-0.8483651548650158,"pixels":5,"metric":"nbr","before":"S2B_10TFK_20181106_0_L2A","after":"S2A_10TFK_20181211_0_L2A"},"geometry":{"type":"MultiPolygon","coordinates":[[[[-121.60824613900047,39.7348964797743],[-121.60754613865855,39.734888084122304],[-121.60753526164481,39.735428537037],[-121.60683525613251,39.73542013700552],[-121.60681349029724,39.73650104235574],[-121.60821352347072,39.73651783883968],[-121.60824613900047,39.7348964797743]]]]}},{"type":"Feature","id":71,"properties":{"patch_id":71,"area_ha":1.8,"mean_delta":-0.7034127692094121,"pixels":5,"metric":"nbr","before":"S2B_10TFK_20181106_0_L2A","after":"S2A_10TFK_20181211_0_L2A"},"geometry":{"type":"MultiPolygon","coordinates":[[[[-121.59563520794855,39.73528516266461],[-121.59493520744533,39.73527669090374],[-121.5949571578663,39.73419579081089],[-121.59425716858594,39.73418731515384],[-121.59424618806008,39.73472776506518],[-121.5935461936125,39.734719285027325],[-121.59353520732701,39.73525973472401],[-121.59423520723811,39.73526821492353],[-121.59422422612002,39.73580866472888],[-121.59562423775778,39.73582561279305],[-121.59563520794855,39.73528516266461]]]]}},{"type":"Feature","id":79,"properties":{"patch_id":79,"area_ha":1.8,"mean_delta":-0.8844239560211676,"pixels":5,"metric":"nbr","before":"S2B_10TFK_20181106_0_L2A","after":"S2A_10TFK_20181211_0_L2A"},"geometry":{"type":"MultiPolygon","coordinates":[[[[-121.5971009592168,39.7320593897083],[-121.59570102288103,39.73204246078108],[-121.59571199100118,39.731502010281666],[-121.59501202873953,39.73149353965127],[-121.59499008127804,39.73257444027411],[-121.59639002794796,39.73259137796193],[-121.5963790646992,39.73313182851676],[-121.59707904394065,39.733140291193614],[-121.5971009592168,39.7320593897083]]]]}},{"type":"Feature","id":91,"properties":{"patch_id":91,"area_ha":1.8,"mean_delta":-0.6425192599707626,"pixels":5,"metric":"nbr","before":"S2B_10TFK_20181106_0_L2A","after":"S2A_10TFK_20181211_0_L2A"},"geometry":{"type":"MultiPolygon","coordinates":[[[[-121.53627342715316,39.7280647630001],[-121.53417370024968,39.72803826525172],[-121.53415080543245,39.72911913769213],[-121.53555064490445,39.72913680774934],[-121.53556208154487,39.72859637121889],[-121.53626199628226,39.72860519975209],[-121.53627342715316,39.7280647630001]]]]}},{"type":"Feature","id":108,"properties":{"patch_id":108,"area_ha":1.8,"mean_delta":-0.8926035672105554,"pixels":5,"metric":"nbr","before":"S2B_10TFK_20181106_0_L2A","after":"S2A_10TFK_20181211_0_L2A"},"geometry":{"type":"MultiPolygon","coordinates":[[[[-121.58958857745,39.722778430832705],[-121.58888870523778,39.72276992482864],[-121.58887768724642,39.72331037455785],[-121.58817780987111,39.72330186417411],[-121.58816678612233,39.72384231368803],[-121.58886666895799,39.72385082423405],[-121.58884463148975,39.72493172342736],[-121.58954452554363,39.72494023008012],[-121.58958857745,39.722778430832705]]]]}},{"type":"Feature","id":121,"properties":{"patch_id":121,"area_ha":1.8,"mean_delta":-0.9322848780530034,"pixels":5,"metric":"nbr","before":"S2B_10TFK_20181106_0_L2A","after":"S2A_10TFK_20181211_0_L2A"},"geometry":{"type":"MultiPolygon","coordinates":[[[[-121.58054567498944,39.71996528414163],[-121.5798458339492,39.719956724127414],[-121.57983474647097,39.72049717200631],[-121.57913490027036,39.720488607611834],[-121.57911271349789,39.721569502883916],[-121.58051242803639,39.7215866281088],[-121.58054567498944,39.71996528414163]]]]}},{"type":"Feature","id":126,"properties":{"patch_id":126,"area_ha":1.8,"mean_delta":-0.7176012841594982,"pixels":5,"metric":"nbr","before":"S2B_10TFK_20181106_0_L2A","after":"S2A_10TFK_20181211_0_L2A"},"geometry":{"type":"MultiPolygon","coordinates":[[[[-121.5882770102349,39.71843781616284],[-121.58687735464883,39.71842078566539],[-121.58684425778088,39.7200421345055],[-121.58754410180269,39.72005065234982],[-121.58755512893019,39.71951020262707],[-121.58825496779008,39.719518716092054],[-121.5882770102349,39.71843781616284]]]]}},{"type":"Feature","id":132,"properties":{"patch_id":132,"area_ha":1.8,"mean_delta":-1.0996043857385194,"pixels":5,"metric":"nbr","before":"S2B_10TFK_20181106_0_L2A","after":"S2A_10TFK_20181211_0_L2A"},"geometry":{"type":"MultiPolygon","coordinates":[[[[-121.58203391602112,39.71565880266358],[-121.58133411805304,39.715650252387555],[-121.58130089464606,39.7172715981171],[-121.5806010806016,39.71726304313543],[-121.58059000007675,39.717803491442766],[-121.58198963938159,39.71782059751569],[-121.58203391602112,39.71565880266358]]]]}},{"type":"Feature","id":139,"properties":{"patch_id":139,"area_ha":1.8,"mean_delta":-0.39730970548174804,"pixels":5,"metric":"nbr","before":"S2B_10TFK_20181106_0_L2A","after":"S2A_10TFK_20181211_0_L2A"},"geometry":{"type":"MultiPolygon","coordinates":[[[[-121.57434728327112,39.71502407068203],[-121.57294770513643,39.71500687348292],[-121.5729699829706,39.713925979883534],[-121.57227020526912,39.71391737528783],[-121.572236771694,39.7155387151151],[-121.57433615481939,39.71556451773],[-121.57434728327112,39.71502407068203]]]]}},{"type":"Feature","id":141,"properties":{"patch_id":141,"area_ha":1.8,"mean_delta":-0.35087870920461184,"pixels":5,"metric":"nbr","before":"S2B_10TFK_20181106_0_L2A","after":"S2A_10TFK_20181211_0_L2A"},"geometry":{"type":"MultiPolygon","coordinates":[[[[-121.5533650298169,39.71422389976811],[-121.55126570666178,39.71419771869469],[-121.55125439840752,39.71473816034454],[-121.55195417794536,39.71474689175143],[-121.55194287484382,39.7152873335146],[-121.553342445749,39.71530478401303],[-121.5533650298169,39.71422389976811]]]]}},{"type":"Feature","id":156,"properties":{"patch_id":156,"area_ha":1.8,"mean_delta":-0.9387156913786627,"pixels":5,"metric":"nbr","before":"S2B_10TFK_20181106_0_L2A","after":"S2A_10TFK_20181211_0_L2A"},"geometry":{"type":"MultiPolygon","coordinates":[[[[-121.59265175694463,39.70984158383164],[-121.59125227244579,39.70982460911489],[-121.59121928807618,39.71144596341874],[-121.59261880531614,39.71146293910649],[-121.59262978948844,39.7109224874012],[-121.59193003617733,39.71091400182701],[-121.59194102551035,39.71037355023052],[-121.59264077336462,39.710382035642915],[-121.59265175694463,39.70984158383164]]]]}},{"type":"Feature","id":6,"properties":{"patch_id":6,"area_ha":1.44,"mean_delta":-1.0521329276583358,"pixels":4,"metric":"nbr","before":"S2B_10TFK_20181106_0_L2A","after":"S2A_10TFK_20181211_0_L2A"},"geometry":{"type":"MultiPolygon","coordinates":[[[[-121.56724922657769,39.7873744359669],[-121.56584818792227,39.78735712715438],[-121.56582574058379,39.78843800367881],[-121.56722680114996,39.78845531315106],[-121.56724922657769,39.7873744359669]]]]}},{"type":"Feature","id":12,"properties":{"patch_id":12,"area_ha":1.44,"mean_delta":-0.8940819633046367,"pixels":4,"metric":"nbr","before":"S2B_10TFK_20181106_0_L2A","after":"S2A_10TFK_20181211_0_L2A"},"geometry":{"type":"MultiPolygon","coordinates":[[[[-121.62268821416625,39.78318054466442],[-121.62198772054691,39.783172227742156],[-121.62199850291867,39.782631775981095],[-121.62129801506704,39.782623454990805],[-121.62128722721843,39.783163906593266],[-121.62058673418095,39.78315558121778],[-121.62057594056435,39.78369603260867],[-121.62267743698062,39.78372099653105],[-121.62268821416625,39.78318054466442]]]]}},{"type":"Feature","id":16,"properties":{"patch_id":16,"area_ha":1.44,"mean_delta":-0.4645651526339766,"pixels":4,"metric":"nbr","before":"S2B_10TFK_20181106_0_L2A","after":"S2A_10TFK_20181211_0_L2A"},"geometry":{"type":"MultiPolygon","coordinates":[[[[-121.57509991341107,39.78044360182563],[-121.57439946181012,39.78043499816117],[-121.57441061538326,39.779894557154776],[-121.5730097240354,39.7798773374762],[-121.572998559511,39.78041777815442],[-121.57369901051007,39.780426390270755],[-121.57368785116027,39.78096683106002],[-121.57508876501285,39.78098404294291],[-121.57509991341107,39.78044360182563]]]]}},{"type":"Feature","id":20,"properties":{"patch_id":20,"area_ha":1.44,"mean_delta":-0.5683512690619139,"pixels":4,"metric":"nbr","before":"S2B_10TFK_20181106_0_L2A","after":"S2A_10TFK_20181211_0_L2A"},"geometry":{"type":"MultiPolygon","coordinates":[[[[-121.53523195452746,39.77724428950075],[-121.53383114115182,39.777226597892444],[-121.53384261075031,39.77668616626764],[-121.53314221000086,39.77667731429435],[-121.53311925954564,39.77775817715333],[-121.5352204955687,39.77778472140948],[-121.53523195452746,39.77724428950075]]]]}},{"type":"Feature","id":22,"properties":{"patch_id":22,"area_ha":1.44,"mean_delta":-1.1157064203954392,"pixels":4,"metric":"nbr","before":"S2B_10TFK_20181106_0_L2A","after":"S2A_10TFK_20181211_0_L2A"},"geometry":{"type":"MultiPolygon","coordinates":[[[[-121.56193763864557,39.7732537108899],[-121.55983651548726,39.77322765280018],[-121.55981398535741,39.774308529111494],[-121.56051437038742,39.77431721969743],[-121.56052563013041,39.773776781402724],[-121.56192639015366,39.773794149568765],[-121.56193763864557,39.7732537108899]]]]}},{"type":"Feature","id":27,"properties":{"patch_id":27,"area_ha":1.44,"mean_delta":-0.716495480858604,"pixels":4,"metric":"nbr","before":"S2B_10TFK_20181106_0_L2A","after":"S2A_10TFK_20181211_0_L2A"},"geometry":{"type":"MultiPolygon","coordinates":[[[[-121.60351148310275,39.76132813382433],[-121.60281121663202,39.761319704987066],[-121.6027675179749,39.763481502096454],[-121.60346780632989,39.76348993157638],[-121.60351148310275,39.76132813382433]]]]}},{"type":"Feature","id":37,"properties":{"patch_id":37,"area_ha":1.44,"mean_delta":-0.3793255435905572,"pixels":4,"metric":"nbr","before":"S2B_10TFK_20181106_0_L2A","after":"S2A_10TFK_20181211_0_L2A"},"geometry":{"type":"MultiPolygon","coordinates":[[[[-121.61636511558099,39.74904871100456],[-121.61426467858692,39.74902365087016],[-121.6142538486193,39.74956410400549],[-121.61565415059205,39.74958081530182],[-121.61564333126786,39.75012126870279],[-121.61634348815974,39.75012961817774],[-121.61636511558099,39.74904871100456]]]]}},{"type":"Feature","id":41,"properties":{"patch_id":41,"area_ha":1.44,"mean_delta":-0.5474058210275871,"pixels":4,"metric":"nbr","before":"S2B_10TFK_20181106_0_L2A","after":"S2A_10TFK_20181211_0_L2A"},"geometry":{"type":"MultiPolygon","coordinates":[[[[-121.54990923305525,39.74553450140113],[-121.54920914280716,39.74552575205984],[-121.54919780592067,39.7460661902931],[-121.54779761540983,39.746048678614954],[-121.54778626728532,39.74658911646122],[-121.54988656990876,39.74661537814806],[-121.54990923305525,39.74553450140113]]]]}},{"type":"Feature","id":44,"properties":{"patch_id":44,"area_ha":1.44,"mean_delta":-0.6846057751723755,"pixels":4,"metric":"nbr","before":"S2B_10TFK_20181106_0_L2A","after":"S2A_10TFK_20181211_0_L2A"},"geometry":{"type":"MultiPolygon","coordinates":[[[[-121.54783165794724,39.74442736475706],[-121.54713157954833,39.74441860308806],[-121.5471202268762,39.74495904092686],[-121.54642014331776,39.744950274870334],[-121.5464087848736,39.74549071248884],[-121.5471088738979,39.74549947871246],[-121.5470975206134,39.746039916444886],[-121.54779761540983,39.746048678614954],[-121.54783165794724,39.74442736475706]]]]}},{"type":"Feature","id":45,"properties":{"patch_id":45,"area_ha":1.44,"mean_delta":-1.3725236345259093,"pixels":4,"metric":"nbr","before":"S2B_10TFK_20181106_0_L2A","after":"S2A_10TFK_20181211_0_L2A"},"geometry":{"type":"MultiPolygon","coordinates":[[[[-121.54014221944325,39.74379031805894],[-121.5394421498856,39.7437815101336],[-121.5393964980928,39.745943254012275],[-121.54009658951315,39.74595206260922],[-121.54014221944325,39.74379031805894]]]]}},{"type":"Feature","id":48,"properties":{"patch_id":48,"area_ha":1.44,"mean_delta":-0.39140717740647823,"pixels":4,"metric":"nbr","before":"S2B_10TFK_20181106_0_L2A","after":"S2A_10TFK_20181211_0_L2A"},"geometry":{"type":"MultiPolygon","coordinates":[[[[-121.61858430476417,39.74312873466222],[-121.6178842180675,39.743120399918],[-121.61787341864219,39.74366085443127],[-121.61717332677075,39.74365251530745],[-121.6171517161139,39.7447334238573],[-121.61785181891779,39.74474176329906],[-121.61786261892563,39.744201308891626],[-121.61856271655445,39.74420964395362],[-121.61858430476417,39.74312873466222]]]]}},{"type":"Feature","id":55,"properties":{"patch_id":55,"area_ha":1.44,"mean_delta":-0.3857281631099263,"pixels":4,"metric":"nbr","before":"S2B_10TFK_20181106_0_L2A","after":"S2A_10TFK_20181211_0_L2A"},"geometry":{"type":"MultiPolygon","coordinates":[[[[-121.6235279396703,39.741025136036285],[-121.62142773993585,39.741000209676],[-121.62140619777904,39.742081120660195],[-121.62210627499799,39.74208943398423],[-121.62211704075602,39.74154897836012],[-121.62351718513355,39.741565592030014],[-121.6235279396703,39.741025136036285]]]]}},{"type":"Feature","id":68,"properties":{"patch_id":68,"area_ha":1.44,"mean_delta":-1.16838408473827,"pixels":4,"metric":"nbr","before":"S2B_10TFK_20181106_0_L2A","after":"S2A_10TFK_20181211_0_L2A"},"geometry":{"type":"MultiPolygon","coordinates":[[[[-121.60613525091371,39.73541173275463],[-121.60403523701959,39.73538649468549],[-121.60402433239351,39.735926946745735],[-121.60542435229,39.7359437766654],[-121.60541345829775,39.73648422899352],[-121.60611347415067,39.73649263778442],[-121.60613525091371,39.73541173275463]]]]}},{"type":"Feature","id":76,"properties":{"patch_id":76,"area_ha":1.44,"mean_delta":-0.41112872321827565,"pixels":4,"metric":"nbr","before":"S2B_10TFK_20181106_0_L2A","after":"S2A_10TFK_20181211_0_L2A"},"geometry":{"type":"MultiPolygon","coordinates":[[[[-121.6159894049593,39.73282673361862],[-121.61458944184076,39.73281003219511],[-121.61457862063153,39.733350486918475],[-121.61527860750816,39.733358839899005],[-121.61525697514101,39.7344397495054],[-121.6159569732361,39.73444809858511],[-121.6159894049593,39.73282673361862]]]]}},{"type":"Feature","id":77,"properties":{"patch_id":77,"area_ha":1.44,"mean_delta":-0.4507128586059386,"pixels":4,"metric":"nbr","before":"S2B_10TFK_20181106_0_L2A","after":"S2A_10TFK_20181211_0_L2A"},"geometry":{"type":"MultiPolygon","coordinates":[[[[-121.59917898343741,39.73316565390998],[-121.5977790234776,39.733148749651434],[-121.59775711794582,39.73422965124729],[-121.59915709975837,39.73424655615038],[-121.59917898343741,39.73316565390998]]]]}},{"type":"Feature","id":80,"properties":{"patch_id":80,"area_ha":1.44,"mean_delta":-0.35605512476254203,"pixels":4,"metric":"nbr","before":"S2B_10TFK_20181106_0_L2A","after":"S2A_10TFK_20181211_0_L2A"},"geometry":{"type":"MultiPolygon","coordinates":[[[[-121.6271998743683,39.732419279824725],[-121.6264998934798,39.732410998886365],[-121.62652134870136,39.73133008378286],[-121.62582137902803,39.7313217989413],[-121.6257891793727,39.73294317104338],[-121.62718915178675,39.73295973745503],[-121.6271998743683,39.732419279824725]]]]}},{"type":"Feature","id":85,"properties":{"patch_id":85,"area_ha":1.44,"mean_delta":-0.7613480879251346,"pixels":4,"metric":"nbr","before":"S2B_10TFK_20181106_0_L2A","after":"S2A_10TFK_20181211_0_L2A"},"geometry":{"type":"MultiPolygon","coordinates":[[[[-121.59714478622337,39.72989758610177],[-121.59644483975741,39.729889124392884],[-121.59643387798677,39.73042957521269],[-121.59573392635417,39.730421109123874],[-121.59571199100118,39.731502010281666],[-121.59641195355861,39.73151047669329],[-121.59642291592048,39.73097002597949],[-121.59712287331102,39.730978488011004],[-121.59714478622337,39.72989758610177]]]]}},{"type":"Feature","id":99,"properties":{"patch_id":99,"area_ha":1.44,"mean_delta":-0.5591546089650464,"pixels":4,"metric":"nbr","before":"S2B_10TFK_20181106_0_L2A","after":"S2A_10TFK_20181211_0_L2A"},"geometry":{"type":"MultiPolygon","coordinates":[[[[-121.56151529926501,39.72621800340264],[-121.56011550269695,39.72620064747492],[-121.56012674636786,39.72566020478269],[-121.55942685399923,39.72565152065773],[-121.55940435543269,39.72673240565794],[-121.56150406621265,39.72675844637265],[-121.56151529926501,39.72621800340264]]]]}},{"type":"Feature","id":105,"properties":{"patch_id":105,"area_ha":1.44,"mean_delta":-0.36048943491353586,"pixels":4,"metric":"nbr","before":"S2B_10TFK_20181106_0_L2A","after":"S2A_10TFK_20181211_0_L2A"},"geometry":{"type":"MultiPolygon","coordinates":[[[[-121.534953692823,39.72426404565544],[-121.53425382238729,39.72425521003394],[-121.53426526717246,39.723714773361394],[-121.5335654025053,39.72370593369111],[-121.5335425017064,39.72478680664593],[-121.53424237729354,39.72479564665328],[-121.53423093189116,39.7253360832194],[-121.53493081324717,39.72534491917779],[-121.534953692823,39.72426404565544]]]]}},{"type":"Feature","id":109,"properties":{"patch_id":109,"area_ha":1.44,"mean_delta":-0.3960183408943612,"pixels":4,"metric":"nbr","before":"S2B_10TFK_20181106_0_L2A","after":"S2A_10TFK_20181211_0_L2A"},"geometry":{"type":"MultiPolygon","coordinates":[[[[-121.57138084237798,39.72309634972412],[-121.57068097247814,39.72308773390427],[-121.57065865166841,39.72416862471408],[-121.56995877114913,39.72416000434817],[-121.56994760483244,39.72470044950911],[-121.57134737709275,39.724717686352],[-121.57138084237798,39.72309634972412]]]]}},{"type":"Feature","id":110,"properties":{"patch_id":110,"area_ha":1.44,"mean_delta":-0.5892679939854135,"pixels":4,"metric":"nbr","before":"S2B_10TFK_20181106_0_L2A","after":"S2A_10TFK_20181211_0_L2A"},"geometry":{"type":"MultiPolygon","coordinates":[[[[-121.61407346948752,39.72361393946794],[-121.61197380642817,39.72358885116498],[-121.61196296833592,39.72412930615049],[-121.61266286119097,39.72413767329536],[-121.61265202826723,39.72467812838745],[-121.61335192687517,39.724686491474],[-121.61336275433811,39.72414603622245],[-121.6140626477772,39.724154394931766],[-121.61407346948752,39.72361393946794]]]]}},{"type":"Feature","id":111,"properties":{"patch_id":111,"area_ha":1.44,"mean_delta":-0.42730193046496684,"pixels":4,"metric":"nbr","before":"S2B_10TFK_20181106_0_L2A","after":"S2A_10TFK_20181211_0_L2A"},"geometry":{"type":"MultiPolygon","coordinates":[[[[-121.60637471780642,39.723521763445966],[-121.60567483304759,39.72351335850162],[-121.6056966066421,39.72243245125037],[-121.60499673309751,39.72242404240904],[-121.60496405588415,39.72404540272551],[-121.60636383602937,39.72406221715241],[-121.60637471780642,39.723521763445966]]]]}},{"type":"Feature","id":113,"properties":{"patch_id":113,"area_ha":1.44,"mean_delta":-0.38439736427222493,"pixels":4,"metric":"nbr","before":"S2B_10TFK_20181106_0_L2A","after":"S2A_10TFK_20181211_0_L2A"},"geometry":{"type":"MultiPolygon","coordinates":[[[[-121.6036078896268,39.7218667588501],[-121.60290802242385,39.72185833751692],[-121.60289711422654,39.72239879058022],[-121.60219724185762,39.722390364869035],[-121.60218632790594,39.72293081771874],[-121.60288620573508,39.72293924359057],[-121.60287529694945,39.723479696547955],[-121.6035751805331,39.72348811836282],[-121.6036078896268,39.7218667588501]]]]}},{"type":"Feature","id":143,"properties":{"patch_id":143,"area_ha":1.44,"mean_delta":-0.493087670359666,"pixels":4,"metric":"nbr","before":"S2B_10TFK_20181106_0_L2A","after":"S2A_10TFK_20181211_0_L2A"},"geometry":{"type":"MultiPolygon","coordinates":[[[[-121.54357957991392,39.71356095693287],[-121.5428798149594,39.71355217526899],[-121.54289118808977,39.71301173551672],[-121.542191428899,39.71300294980456],[-121.54218005031156,39.713543389389315],[-121.54148028597051,39.71353459929386],[-121.54146890161901,39.71407503865783],[-121.54356821193419,39.714101396799386],[-121.54357957991392,39.71356095693287]]]]}},{"type":"Feature","id":144,"properties":{"patch_id":144,"area_ha":1.44,"mean_delta":-0.316481650147165,"pixels":4,"metric":"nbr","before":"S2B_10TFK_20181106_0_L2A","after":"S2A_10TFK_20181211_0_L2A"},"geometry":{"type":"MultiPolygon","coordinates":[[[[-121.58070079188151,39.712399005982526],[-121.58000102725671,39.712390448252904],[-121.57997886037086,39.713471345442954],[-121.57927908513021,39.71346278317098],[-121.57926799578142,39.714003231523186],[-121.58066755747677,39.714020352177556],[-121.58070079188151,39.712399005982526]]]]}},{"type":"Feature","id":147,"properties":{"patch_id":147,"area_ha":1.44,"mean_delta":-0.4469315592017312,"pixels":4,"metric":"nbr","before":"S2B_10TFK_20181106_0_L2A","after":"S2A_10TFK_20181211_0_L2A"},"geometry":{"type":"MultiPolygon","coordinates":[[[[-121.5387268533233,39.71133764145115],[-121.53732737167591,39.71132001623103],[-121.53731595581252,39.711860454800544],[-121.53801570193899,39.71186926968639],[-121.53799288020235,39.712950147001976],[-121.53869263755011,39.71295895800829],[-121.5387268533233,39.71133764145115]]]]}},{"type":"Feature","id":149,"properties":{"patch_id":149,"area_ha":1.44,"mean_delta":-1.0086004950284913,"pixels":4,"metric":"nbr","before":"S2B_10TFK_20181106_0_L2A","after":"S2A_10TFK_20181211_0_L2A"},"geometry":{"type":"MultiPolygon","coordinates":[[[[-121.59401832374076,39.711479897931156],[-121.59261880531614,39.71146293910649],[-121.5926078208476,39.71200339075877],[-121.59190805662233,39.711994904860994],[-121.59189706640035,39.71253535629848],[-121.59329660606168,39.712552324201724],[-121.59330758536908,39.71201187244071],[-121.59400735018656,39.7120203499068],[-121.59401832374076,39.711479897931156]]]]}},{"type":"Feature","id":151,"properties":{"patch_id":151,"area_ha":1.44,"mean_delta":-0.6341082162979297,"pixels":4,"metric":"nbr","before":"S2B_10TFK_20181106_0_L2A","after":"S2A_10TFK_20181211_0_L2A"},"geometry":{"type":"MultiPolygon","coordinates":[[[[-121.54223694018089,39.710841190933714],[-121.5401377299305,39.710814810515025],[-121.54012633620073,39.71135524980952],[-121.541525820307,39.711372841306094],[-121.54151443718328,39.71191328088281],[-121.5422141851535,39.711922070475495],[-121.54223694018089,39.710841190933714]]]]}},{"type":"Feature","id":152,"properties":{"patch_id":152,"area_ha":1.44,"mean_delta":-0.671662232533845,"pixels":4,"metric":"nbr","before":"S2B_10TFK_20181106_0_L2A","after":"S2A_10TFK_20181211_0_L2A"},"geometry":{"type":"MultiPolygon","coordinates":[[[[-121.61151240352827,39.711690460399325],[-121.61011287039408,39.711673712366796],[-121.61012371813848,39.71113325664274],[-121.60942395746731,39.71112487646239],[-121.60940225077138,39.712205787538025],[-121.61150156640608,39.71223091638979],[-121.61151240352827,39.711690460399325]]]]}},{"type":"Feature","id":157,"properties":{"patch_id":157,"area_ha":1.44,"mean_delta":-0.38819854812241633,"pixels":4,"metric":"nbr","before":"S2B_10TFK_20181106_0_L2A","after":"S2A_10TFK_20181211_0_L2A"},"geometry":{"type":"MultiPolygon","coordinates":[[[[-121.54365914719035,39.70977787637826],[-121.54155996783669,39.70975152225685],[-121.5415485856337,39.71029196199311],[-121.54294804914191,39.71030953595769],[-121.54293667754474,39.710849975975854],[-121.54363641521518,39.710858756802594],[-121.54365914719035,39.70977787637826]]]]}}]}